provincia_id,provincia_nombre,canton_id,canton_nombre,parroquia_id,parroquia_nombre,parroquia_tipo,anio
01,AZUAY,0101,CUENCA,010150,CUENCA,CABECERA CANTONAL,2024
01,AZUAY,0101,CUENCA,010151,BAÑOS,PARROQUIA RURAL,2024
01,AZUAY,0101,CUENCA,010152,CUMBE,PARROQUIA RURAL,2024
01,AZUAY,0101,CUENCA,010153,CHAUCHA,PARROQUIA RURAL,2024
01,AZUAY,0101,CUENCA,010154,CHECA,PARROQUIA RURAL,2024
01,AZUAY,0101,CUENCA,010155,CHIQUINTAD,PARROQUIA RURAL,2024
01,AZUAY,0101,CUENCA,010156,LLACAO,PARROQUIA RURAL,2024
01,AZUAY,0101,CUENCA,010157,MOLLETURO,PARROQUIA RURAL,2024
01,AZUAY,0101,CUENCA,010158,NULTI,PARROQUIA RURAL,2024
01,AZUAY,0101,CUENCA,010159,OCTAVIO CORDERO PALACIOS,PARROQUIA RURAL,2024
01,AZUAY,0101,CUENCA,010160,PACCHA,PARROQUIA RURAL,2024
01,AZUAY,0101,CUENCA,010161,QUINGEO,PARROQUIA RURAL,2024
01,AZUAY,0101,CUENCA,010162,RICAURTE,PARROQUIA RURAL,2024
01,AZUAY,0101,CUENCA,010163,SAN JOAQUÍN,PARROQUIA RURAL,2024
01,AZUAY,0101,CUENCA,010164,SANTA ANA,PARROQUIA RURAL,2024
01,AZUAY,0101,CUENCA,010165,SAYAUSÍ,PARROQUIA RURAL,2024
01,AZUAY,0101,CUENCA,010166,SIDCAY,PARROQUIA RURAL,2024
01,AZUAY,0101,CUENCA,010167,SININCAY,PARROQUIA RURAL,2024
01,AZUAY,0101,CUENCA,010168,TARQUI,PARROQUIA RURAL,2024
01,AZUAY,0101,CUENCA,010169,TURI,PARROQUIA RURAL,2024
01,AZUAY,0101,CUENCA,010170,VALLE,PARROQUIA RURAL,2024
01,AZUAY,0101,CUENCA,010171,VICTORIA DEL PORTETE,PARROQUIA RURAL,2024
01,AZUAY,0102,GIRÓN,010250,GIRÓN,CABECERA CANTONAL,2024
01,AZUAY,0102,GIRÓN,010251,LA ASUNCIÓN,PARROQUIA RURAL,2024
01,AZUAY,0102,GIRÓN,010252,SAN GERARDO,PARROQUIA RURAL,2024
01,AZUAY,0103,GUALACEO,010350,GUALACEO,CABECERA CANTONAL,2024
01,AZUAY,0103,GUALACEO,010352,DANIEL CÓRDOVA TORAL,PARROQUIA RURAL,2024
01,AZUAY,0103,GUALACEO,010353,JADÁN,PARROQUIA RURAL,2024
01,AZUAY,0103,GUALACEO,010354,MARIANO MORENO,PARROQUIA RURAL,2024
01,AZUAY,0103,GUALACEO,010356,REMIGIO CRESPO TORAL,PARROQUIA RURAL,2024
01,AZUAY,0103,GUALACEO,010357,SAN JUAN,PARROQUIA RURAL,2024
01,AZUAY,0103,GUALACEO,010358,ZHIDMAD,PARROQUIA RURAL,2024
01,AZUAY,0103,GUALACEO,010359,LUIS CORDERO VEGA,PARROQUIA RURAL,2024
01,AZUAY,0103,GUALACEO,010360,SIMÓN BOLÍVAR,PARROQUIA RURAL,2024
01,AZUAY,0104,NABÓN,010450,NABÓN,CABECERA CANTONAL,2024
01,AZUAY,0104,NABÓN,010451,COCHAPATA,PARROQUIA RURAL,2024
01,AZUAY,0104,NABÓN,010452,EL PROGRESO,PARROQUIA RURAL,2024
01,AZUAY,0104,NABÓN,010453,LAS NIEVES,PARROQUIA RURAL,2024
01,AZUAY,0105,PAUTE,010550,PAUTE,CABECERA CANTONAL,2024
01,AZUAY,0105,PAUTE,010552,BULÁN,PARROQUIA RURAL,2024
01,AZUAY,0105,PAUTE,010553,CHICÁN,PARROQUIA RURAL,2024
01,AZUAY,0105,PAUTE,010554,EL CABO,PARROQUIA RURAL,2024
01,AZUAY,0105,PAUTE,010556,GUARAINAG,PARROQUIA RURAL,2024
01,AZUAY,0105,PAUTE,010559,SAN CRISTÓBAL,PARROQUIA RURAL,2024
01,AZUAY,0105,PAUTE,010561,TOMEBAMBA,PARROQUIA RURAL,2024
01,AZUAY,0105,PAUTE,010562,DUG DUG,PARROQUIA RURAL,2024
01,AZUAY,0106,PUCARÁ,010650,PUCARÁ,CABECERA CANTONAL,2024
01,AZUAY,0106,PUCARÁ,010652,SAN RAFAEL DE SHARUG,PARROQUIA RURAL,2024
01,AZUAY,0107,SAN FERNANDO,010750,SAN FERNANDO,CABECERA CANTONAL,2024
01,AZUAY,0107,SAN FERNANDO,010751,CHUMBLÍN,PARROQUIA RURAL,2024
01,AZUAY,0108,SANTA ISABEL,010850,SANTA ISABEL,CABECERA CANTONAL,2024
01,AZUAY,0108,SANTA ISABEL,010851,ABDÓN CALDERÓN,PARROQUIA RURAL,2024
01,AZUAY,0108,SANTA ISABEL,010852,EL CARMEN DE PIJILÍ,PARROQUIA RURAL,2024
01,AZUAY,0108,SANTA ISABEL,010853,SHAGLLI,PARROQUIA RURAL,2024
01,AZUAY,0108,SANTA ISABEL,010854,SAN SALVADOR DE CAÑARIBAMBA,PARROQUIA RURAL,2024
01,AZUAY,0109,SÍGSIG,010950,SÍGSIG,CABECERA CANTONAL,2024
01,AZUAY,0109,SÍGSIG,010951,CUCHIL,PARROQUIA RURAL,2024
01,AZUAY,0109,SÍGSIG,010952,JIMA,PARROQUIA RURAL,2024
01,AZUAY,0109,SÍGSIG,010953,GÜEL,PARROQUIA RURAL,2024
01,AZUAY,0109,SÍGSIG,010954,LUDO,PARROQUIA RURAL,2024
01,AZUAY,0109,SÍGSIG,010955,SAN BARTOLOMÉ,PARROQUIA RURAL,2024
01,AZUAY,0109,SÍGSIG,010956,SAN JOSÉ DE RARANGA,PARROQUIA RURAL,2024
01,AZUAY,0110,OÑA,011050,SAN FELIPE DE OÑA,CABECERA CANTONAL,2024
01,AZUAY,0110,OÑA,011051,SUSUDEL,PARROQUIA RURAL,2024
01,AZUAY,0111,CHORDELEG,011150,CHORDELEG,CABECERA CANTONAL,2024
01,AZUAY,0111,CHORDELEG,011151,PRINCIPAL,PARROQUIA RURAL,2024
01,AZUAY,0111,CHORDELEG,011152,LA UNIÓN,PARROQUIA RURAL,2024
01,AZUAY,0111,CHORDELEG,011153,LUIS GALARZA ORELLANA,PARROQUIA RURAL,2024
01,AZUAY,0111,CHORDELEG,011154,SAN MARTÍN DE PUZHIO,PARROQUIA RURAL,2024
01,AZUAY,0112,EL PAN,011250,EL PAN,CABECERA CANTONAL,2024
01,AZUAY,0112,EL PAN,011253,SAN VICENTE,PARROQUIA RURAL,2024
01,AZUAY,0113,SEVILLA DE ORO,011350,SEVILLA DE ORO,CABECERA CANTONAL,2024
01,AZUAY,0113,SEVILLA DE ORO,011351,AMALUZA,PARROQUIA RURAL,2024
01,AZUAY,0113,SEVILLA DE ORO,011352,PALMAS,PARROQUIA RURAL,2024
01,AZUAY,0114,GUACHAPALA,011450,GUACHAPALA,CABECERA CANTONAL,2024
01,AZUAY,0115,CAMILO PONCE ENRÍQUEZ,011550,CAMILO PONCE ENRÍQUEZ,CABECERA CANTONAL,2024
02,BOLÍVAR,0201,GUARANDA,020150,GUARANDA,CABECERA CANTONAL,2024
02,BOLÍVAR,0201,GUARANDA,020151,FACUNDO VELA,PARROQUIA RURAL,2024
02,BOLÍVAR,0201,GUARANDA,020153,JULIO E. MORENO,PARROQUIA RURAL,2024
02,BOLÍVAR,0201,GUARANDA,020155,SALINAS,PARROQUIA RURAL,2024
02,BOLÍVAR,0201,GUARANDA,020156,SAN LORENZO,PARROQUIA RURAL,2024
02,BOLÍVAR,0201,GUARANDA,020157,SAN SIMÓN,PARROQUIA RURAL,2024
02,BOLÍVAR,0201,GUARANDA,020158,SANTA FE,PARROQUIA RURAL,2024
02,BOLÍVAR,0201,GUARANDA,020159,SIMIÁTUG,PARROQUIA RURAL,2024
02,BOLÍVAR,0201,GUARANDA,020160,SAN LUIS DE PAMBIL,PARROQUIA RURAL,2024
02,BOLÍVAR,0202,CHILLANES,020250,CHILLANES,CABECERA CANTONAL,2024
02,BOLÍVAR,0202,CHILLANES,020251,SAN JOSÉ DEL TAMBO,PARROQUIA RURAL,2024
02,BOLÍVAR,0203,CHIMBO,020350,SAN JOSÉ DE CHIMBO,CABECERA CANTONAL,2024
02,BOLÍVAR,0203,CHIMBO,020351,ASUNCIÓN,PARROQUIA RURAL,2024
02,BOLÍVAR,0203,CHIMBO,020353,LA MAGDALENA,PARROQUIA RURAL,2024
02,BOLÍVAR,0203,CHIMBO,020354,SAN SEBASTIÁN,PARROQUIA RURAL,2024
02,BOLÍVAR,0203,CHIMBO,020355,TELIMBELA,PARROQUIA RURAL,2024
02,BOLÍVAR,0204,ECHEANDÍA,020450,ECHEANDÍA,CABECERA CANTONAL,2024
02,BOLÍVAR,0205,SAN MIGUEL,020550,SAN MIGUEL,CABECERA CANTONAL,2024
02,BOLÍVAR,0205,SAN MIGUEL,020551,BALSAPAMBA,PARROQUIA RURAL,2024
02,BOLÍVAR,0205,SAN MIGUEL,020552,BILOVÁN,PARROQUIA RURAL,2024
02,BOLÍVAR,0205,SAN MIGUEL,020553,RÉGULO DE MORA,PARROQUIA RURAL,2024
02,BOLÍVAR,0205,SAN MIGUEL,020554,SAN PABLO,PARROQUIA RURAL,2024
02,BOLÍVAR,0205,SAN MIGUEL,020555,SANTIAGO,PARROQUIA RURAL,2024
02,BOLÍVAR,0205,SAN MIGUEL,020556,SAN VICENTE,PARROQUIA RURAL,2024
02,BOLÍVAR,0206,CALUMA,020650,CALUMA,CABECERA CANTONAL,2024
02,BOLÍVAR,0207,LAS NAVES,020750,LAS NAVES,CABECERA CANTONAL,2024
03,CAÑAR,0301,AZOGUES,030150,AZOGUES,CABECERA CANTONAL,2024
03,CAÑAR,0301,AZOGUES,030151,COJITAMBO,PARROQUIA RURAL,2024
03,CAÑAR,0301,AZOGUES,030153,GUAPÁN,PARROQUIA RURAL,2024
03,CAÑAR,0301,AZOGUES,030154,JAVIER LOYOLA,PARROQUIA RURAL,2024
03,CAÑAR,0301,AZOGUES,030155,LUIS CORDERO,PARROQUIA RURAL,2024
03,CAÑAR,0301,AZOGUES,030156,PINDILIG,PARROQUIA RURAL,2024
03,CAÑAR,0301,AZOGUES,030157,RIVERA,PARROQUIA RURAL,2024
03,CAÑAR,0301,AZOGUES,030158,SAN MIGUEL,PARROQUIA RURAL,2024
03,CAÑAR,0301,AZOGUES,030160,TADAY,PARROQUIA RURAL,2024
03,CAÑAR,0302,BIBLIÁN,030250,BIBLIÁN,CABECERA CANTONAL,2024
03,CAÑAR,0302,BIBLIÁN,030251,NAZÓN,PARROQUIA RURAL,2024
03,CAÑAR,0302,BIBLIÁN,030252,SAN FRANCISCO DE SAGEO,PARROQUIA RURAL,2024
03,CAÑAR,0302,BIBLIÁN,030253,TURUPAMBA,PARROQUIA RURAL,2024
03,CAÑAR,0302,BIBLIÁN,030254,JERUSALÉN,PARROQUIA RURAL,2024
03,CAÑAR,0303,CAÑAR,030350,CAÑAR,CABECERA CANTONAL,2024
03,CAÑAR,0303,CAÑAR,030351,CHONTAMARCA,PARROQUIA RURAL,2024
03,CAÑAR,0303,CAÑAR,030352,CHOROCOPTE,PARROQUIA RURAL,2024
03,CAÑAR,0303,CAÑAR,030353,GENERAL MORALES,PARROQUIA RURAL,2024
03,CAÑAR,0303,CAÑAR,030354,GUALLETURO,PARROQUIA RURAL,2024
03,CAÑAR,0303,CAÑAR,030355,HONORATO VÁSQUEZ,PARROQUIA RURAL,2024
03,CAÑAR,0303,CAÑAR,030356,INGAPIRCA,PARROQUIA RURAL,2024
03,CAÑAR,0303,CAÑAR,030357,JUNCAL,PARROQUIA RURAL,2024
03,CAÑAR,0303,CAÑAR,030358,SAN ANTONIO,PARROQUIA RURAL,2024
03,CAÑAR,0303,CAÑAR,030361,ZHUD,PARROQUIA RURAL,2024
03,CAÑAR,0303,CAÑAR,030362,VENTURA,PARROQUIA RURAL,2024
03,CAÑAR,0303,CAÑAR,030363,DUCUR,PARROQUIA RURAL,2024
03,CAÑAR,0304,LA TRONCAL,030450,LA TRONCAL,CABECERA CANTONAL,2024
03,CAÑAR,0304,LA TRONCAL,030451,MANUEL J. CALLE,PARROQUIA RURAL,2024
03,CAÑAR,0304,LA TRONCAL,030452,PANCHO NEGRO,PARROQUIA RURAL,2024
03,CAÑAR,0305,EL TAMBO,030550,EL TAMBO,CABECERA CANTONAL,2024
03,CAÑAR,0306,DÉLEG,030650,DÉLEG,CABECERA CANTONAL,2024
03,CAÑAR,0306,DÉLEG,030651,SOLANO,PARROQUIA RURAL,2024
03,CAÑAR,0307,SUSCAL,030750,SUSCAL,CABECERA CANTONAL,2024
04,CARCHI,0401,TULCÁN,040150,TULCÁN,CABECERA CANTONAL,2024
04,CARCHI,0401,TULCÁN,040151,EL CARMELO,PARROQUIA RURAL,2024
04,CARCHI,0401,TULCÁN,040153,JULIO ANDRADE,PARROQUIA RURAL,2024
04,CARCHI,0401,TULCÁN,040154,MALDONADO,PARROQUIA RURAL,2024
04,CARCHI,0401,TULCÁN,040155,PIOTER,PARROQUIA RURAL,2024
04,CARCHI,0401,TULCÁN,040156,TOBAR DONOSO,PARROQUIA RURAL,2024
04,CARCHI,0401,TULCÁN,040157,TUFIÑO,PARROQUIA RURAL,2024
04,CARCHI,0401,TULCÁN,040158,URBINA,PARROQUIA RURAL,2024
04,CARCHI,0401,TULCÁN,040159,EL CHICAL,PARROQUIA RURAL,2024
04,CARCHI,0401,TULCÁN,040161,SANTA MARTHA DE CUBA,PARROQUIA RURAL,2024
04,CARCHI,0402,BOLÍVAR,040250,BOLÍVAR,CABECERA CANTONAL,2024
04,CARCHI,0402,BOLÍVAR,040251,GARCÍA MORENO,PARROQUIA RURAL,2024
04,CARCHI,0402,BOLÍVAR,040252,LOS ANDES,PARROQUIA RURAL,2024
04,CARCHI,0402,BOLÍVAR,040253,MONTE OLIVO,PARROQUIA RURAL,2024
04,CARCHI,0402,BOLÍVAR,040254,SAN VICENTE DE PUSIR,PARROQUIA RURAL,2024
04,CARCHI,0402,BOLÍVAR,040255,SAN RAFAEL,PARROQUIA RURAL,2024
04,CARCHI,0403,ESPEJO,040350,EL ÁNGEL,CABECERA CANTONAL,2024
04,CARCHI,0403,ESPEJO,040351,EL GOALTAL,PARROQUIA RURAL,2024
04,CARCHI,0403,ESPEJO,040352,LA LIBERTAD,PARROQUIA RURAL,2024
04,CARCHI,0403,ESPEJO,040353,SAN ISIDRO,PARROQUIA RURAL,2024
04,CARCHI,0404,MIRA,040450,MIRA,CABECERA CANTONAL,2024
04,CARCHI,0404,MIRA,040451,CONCEPCIÓN,PARROQUIA RURAL,2024
04,CARCHI,0404,MIRA,040452,JIJÓN Y CAAMAÑO,PARROQUIA RURAL,2024
04,CARCHI,0404,MIRA,040453,JUAN MONTALVO,PARROQUIA RURAL,2024
04,CARCHI,0405,MONTÚFAR,040550,SAN GABRIEL,CABECERA CANTONAL,2024
04,CARCHI,0405,MONTÚFAR,040551,CRISTÓBAL COLÓN,PARROQUIA RURAL,2024
04,CARCHI,0405,MONTÚFAR,040552,CHITÁN DE NAVARRETE,PARROQUIA RURAL,2024
04,CARCHI,0405,MONTÚFAR,040553,FERNÁNDEZ SALVADOR,PARROQUIA RURAL,2024
04,CARCHI,0405,MONTÚFAR,040554,LA PAZ,PARROQUIA RURAL,2024
04,CARCHI,0405,MONTÚFAR,040555,PIARTAL,PARROQUIA RURAL,2024
04,CARCHI,0406,SAN PEDRO DE HUACA,040650,HUACA,CABECERA CANTONAL,2024
04,CARCHI,0406,SAN PEDRO DE HUACA,040651,MARISCAL SUCRE,PARROQUIA RURAL,2024
05,COTOPAXI,0501,LATACUNGA,050150,LATACUNGA,CABECERA CANTONAL,2024
05,COTOPAXI,0501,LATACUNGA,050151,ALÁQUEZ,PARROQUIA RURAL,2024
05,COTOPAXI,0501,LATACUNGA,050152,BELISARIO QUEVEDO,PARROQUIA RURAL,2024
05,COTOPAXI,0501,LATACUNGA,050153,GUAYTACAMA,PARROQUIA RURAL,2024
05,COTOPAXI,0501,LATACUNGA,050154,JOSEGUANGO BAJO,PARROQUIA RURAL,2024
05,COTOPAXI,0501,LATACUNGA,050156,MULALÓ,PARROQUIA RURAL,2024
05,COTOPAXI,0501,LATACUNGA,050157,ONCE DE NOVIEMBRE,PARROQUIA RURAL,2024
05,COTOPAXI,0501,LATACUNGA,050158,POALÓ,PARROQUIA RURAL,2024
05,COTOPAXI,0501,LATACUNGA,050159,SAN JUAN DE PASTOCALLE,PARROQUIA RURAL,2024
05,COTOPAXI,0501,LATACUNGA,050161,TANICUCHI,PARROQUIA RURAL,2024
05,COTOPAXI,0501,LATACUNGA,050162,TOACASO,PARROQUIA RURAL,2024
05,COTOPAXI,0502,LA MANÁ,050250,LA MANÁ,CABECERA CANTONAL,2024
05,COTOPAXI,0502,LA MANÁ,050251,GUASAGANDA,PARROQUIA RURAL,2024
05,COTOPAXI,0502,LA MANÁ,050252,PUCAYACU,PARROQUIA RURAL,2024
05,COTOPAXI,0503,PANGUA,050350,EL CORAZÓN,CABECERA CANTONAL,2024
05,COTOPAXI,0503,PANGUA,050351,MORASPUNGO,PARROQUIA RURAL,2024
05,COTOPAXI,0503,PANGUA,050352,PINLLOPATA,PARROQUIA RURAL,2024
05,COTOPAXI,0503,PANGUA,050353,RAMÓN CAMPAÑA,PARROQUIA RURAL,2024
05,COTOPAXI,0504,PUJILÍ,050450,PUJILÍ,CABECERA CANTONAL,2024
05,COTOPAXI,0504,PUJILÍ,050451,ANGAMARCA,PARROQUIA RURAL,2024
05,COTOPAXI,0504,PUJILÍ,050453,GUANGAJE,PARROQUIA RURAL,2024
05,COTOPAXI,0504,PUJILÍ,050455,LA VICTORIA,PARROQUIA RURAL,2024
05,COTOPAXI,0504,PUJILÍ,050456,PILALÓ,PARROQUIA RURAL,2024
05,COTOPAXI,0504,PUJILÍ,050457,TINGO,PARROQUIA RURAL,2024
05,COTOPAXI,0504,PUJILÍ,050458,ZUMBAHUA,PARROQUIA RURAL,2024
05,COTOPAXI,0505,SALCEDO,050550,SAN MIGUEL,CABECERA CANTONAL,2024
05,COTOPAXI,0505,SALCEDO,050551,ANTONIO JOSÉ HOLGUÍN,PARROQUIA RURAL,2024
05,COTOPAXI,0505,SALCEDO,050552,CUSUBAMBA,PARROQUIA RURAL,2024
05,COTOPAXI,0505,SALCEDO,050553,MULALILLO,PARROQUIA RURAL,2024
05,COTOPAXI,0505,SALCEDO,050554,MULLIQUINDIL,PARROQUIA RURAL,2024
05,COTOPAXI,0505,SALCEDO,050555,PANSALEO,PARROQUIA RURAL,2024
05,COTOPAXI,0506,SAQUISILÍ,050650,SAQUISILÍ,CABECERA CANTONAL,2024
05,COTOPAXI,0506,SAQUISILÍ,050651,CANCHAGUA,PARROQUIA RURAL,2024
05,COTOPAXI,0506,SAQUISILÍ,050652,CHANTILÍN,PARROQUIA RURAL,2024
05,COTOPAXI,0506,SAQUISILÍ,050653,COCHAPAMBA,PARROQUIA RURAL,2024
05,COTOPAXI,0507,SIGCHOS,050750,SIGCHOS,CABECERA CANTONAL,2024
05,COTOPAXI,0507,SIGCHOS,050751,CHUGCHILLÁN,PARROQUIA RURAL,2024
05,COTOPAXI,0507,SIGCHOS,050752,ISINLIVI,PARROQUIA RURAL,2024
05,COTOPAXI,0507,SIGCHOS,050753,LAS PAMPAS,PARROQUIA RURAL,2024
05,COTOPAXI,0507,SIGCHOS,050754,PALO QUEMADO,PARROQUIA RURAL,2024
06,CHIMBORAZO,0601,RIOBAMBA,060150,RIOBAMBA,CABECERA CANTONAL,2024
06,CHIMBORAZO,0601,RIOBAMBA,060151,CACHA,PARROQUIA RURAL,2024
06,CHIMBORAZO,0601,RIOBAMBA,060152,CALPI,PARROQUIA RURAL,2024
06,CHIMBORAZO,0601,RIOBAMBA,060153,CUBIJÍES,PARROQUIA RURAL,2024
06,CHIMBORAZO,0601,RIOBAMBA,060154,FLORES,PARROQUIA RURAL,2024
06,CHIMBORAZO,0601,RIOBAMBA,060155,LICÁN,PARROQUIA RURAL,2024
06,CHIMBORAZO,0601,RIOBAMBA,060156,LICTO,PARROQUIA RURAL,2024
06,CHIMBORAZO,0601,RIOBAMBA,060157,PUNGALÁ,PARROQUIA RURAL,2024
06,CHIMBORAZO,0601,RIOBAMBA,060158,PUNÍN,PARROQUIA RURAL,2024
06,CHIMBORAZO,0601,RIOBAMBA,060159,QUIMIAG,PARROQUIA RURAL,2024
06,CHIMBORAZO,0601,RIOBAMBA,060160,SAN JUAN,PARROQUIA RURAL,2024
06,CHIMBORAZO,0601,RIOBAMBA,060161,SAN LUIS,PARROQUIA RURAL,2024
06,CHIMBORAZO,0602,ALAUSÍ,060250,ALAUSÍ,CABECERA CANTONAL,2024
06,CHIMBORAZO,0602,ALAUSÍ,060251,ACHUPALLAS,PARROQUIA RURAL,2024
06,CHIMBORAZO,0602,ALAUSÍ,060253,GUASUNTOS,PARROQUIA RURAL,2024
06,CHIMBORAZO,0602,ALAUSÍ,060254,HUIGRA,PARROQUIA RURAL,2024
06,CHIMBORAZO,0602,ALAUSÍ,060255,MULTITUD,PARROQUIA RURAL,2024
06,CHIMBORAZO,0602,ALAUSÍ,060256,PISTISHI,PARROQUIA RURAL,2024
06,CHIMBORAZO,0602,ALAUSÍ,060257,PUMALLACTA,PARROQUIA RURAL,2024
06,CHIMBORAZO,0602,ALAUSÍ,060258,SEVILLA,PARROQUIA RURAL,2024
06,CHIMBORAZO,0602,ALAUSÍ,060259,SIBAMBE,PARROQUIA RURAL,2024
06,CHIMBORAZO,0602,ALAUSÍ,060260,TIXÁN,PARROQUIA RURAL,2024
06,CHIMBORAZO,0603,COLTA,060350,VILLA LA UNIÓN,CABECERA CANTONAL,2024
06,CHIMBORAZO,0603,COLTA,060351,CAÑI,PARROQUIA RURAL,2024
06,CHIMBORAZO,0603,COLTA,060352,COLUMBE,PARROQUIA RURAL,2024
06,CHIMBORAZO,0603,COLTA,060353,JUAN DE VELASCO,PARROQUIA RURAL,2024
06,CHIMBORAZO,0603,COLTA,060354,SANTIAGO DE QUITO,PARROQUIA RURAL,2024
06,CHIMBORAZO,0604,CHAMBO,060450,CHAMBO,CABECERA CANTONAL,2024
06,CHIMBORAZO,0605,CHUNCHI,060550,CHUNCHI,CABECERA CANTONAL,2024
06,CHIMBORAZO,0605,CHUNCHI,060551,CAPZOL,PARROQUIA RURAL,2024
06,CHIMBORAZO,0605,CHUNCHI,060552,COMPUD,PARROQUIA RURAL,2024
06,CHIMBORAZO,0605,CHUNCHI,060553,GONZOL,PARROQUIA RURAL,2024
06,CHIMBORAZO,0605,CHUNCHI,060554,LLAGOS,PARROQUIA RURAL,2024
06,CHIMBORAZO,0606,GUAMOTE,060650,GUAMOTE,CABECERA CANTONAL,2024
06,CHIMBORAZO,0606,GUAMOTE,060651,CEBADAS,PARROQUIA RURAL,2024
06,CHIMBORAZO,0606,GUAMOTE,060652,PALMIRA,PARROQUIA RURAL,2024
06,CHIMBORAZO,0607,GUANO,060750,GUANO,CABECERA CANTONAL,2024
06,CHIMBORAZO,0607,GUANO,060751,GUANANDO,PARROQUIA RURAL,2024
06,CHIMBORAZO,0607,GUANO,060752,ILAPO,PARROQUIA RURAL,2024
06,CHIMBORAZO,0607,GUANO,060753,LA PROVIDENCIA,PARROQUIA RURAL,2024
06,CHIMBORAZO,0607,GUANO,060754,SAN ANDRÉS,PARROQUIA RURAL,2024
06,CHIMBORAZO,0607,GUANO,060755,SAN GERARDO,PARROQUIA RURAL,2024
06,CHIMBORAZO,0607,GUANO,060756,SAN ISIDRO DE PATULÚ,PARROQUIA RURAL,2024
06,CHIMBORAZO,0607,GUANO,060757,SAN JOSÉ DEL CHAZO,PARROQUIA RURAL,2024
06,CHIMBORAZO,0607,GUANO,060758,SANTA FÉ DE GALÁN,PARROQUIA RURAL,2024
06,CHIMBORAZO,0607,GUANO,060759,VALPARAISO,PARROQUIA RURAL,2024
06,CHIMBORAZO,0608,PALLATANGA,060850,PALLATANGA,CABECERA CANTONAL,2024
06,CHIMBORAZO,0609,PENIPE,060950,PENIPE,CABECERA CANTONAL,2024
06,CHIMBORAZO,0609,PENIPE,060951,EL ALTAR,PARROQUIA RURAL,2024
06,CHIMBORAZO,0609,PENIPE,060952,MATUS,PARROQUIA RURAL,2024
06,CHIMBORAZO,0609,PENIPE,060953,PUELA,PARROQUIA RURAL,2024
06,CHIMBORAZO,0609,PENIPE,060954,SAN ANTONIO DE BAYUSHIG,PARROQUIA RURAL,2024
06,CHIMBORAZO,0609,PENIPE,060955,LA CANDELARIA,PARROQUIA RURAL,2024
06,CHIMBORAZO,0609,PENIPE,060956,BILBAO,PARROQUIA RURAL,2024
06,CHIMBORAZO,0610,CUMANDÁ,061050,CUMANDÁ,CABECERA CANTONAL,2024
07,EL ORO,0701,MACHALA,070150,MACHALA,CABECERA CANTONAL,2024
07,EL ORO,0701,MACHALA,070152,EL RETIRO,PARROQUIA RURAL,2024
07,EL ORO,0702,ARENILLAS,070250,ARENILLAS,CABECERA CANTONAL,2024
07,EL ORO,0702,ARENILLAS,070251,CHACRAS,PARROQUIA RURAL,2024
07,EL ORO,0702,ARENILLAS,070254,PALMALES,PARROQUIA RURAL,2024
07,EL ORO,0702,ARENILLAS,070255,CARCABÓN,PARROQUIA RURAL,2024
07,EL ORO,0702,ARENILLAS,070256,LA CUCA,PARROQUIA RURAL,2024
07,EL ORO,0703,ATAHUALPA,070350,PACCHA,CABECERA CANTONAL,2024
07,EL ORO,0703,ATAHUALPA,070351,AYAPAMBA,PARROQUIA RURAL,2024
07,EL ORO,0703,ATAHUALPA,070352,CORDONCILLO,PARROQUIA RURAL,2024
07,EL ORO,0703,ATAHUALPA,070353,MILAGRO,PARROQUIA RURAL,2024
07,EL ORO,0703,ATAHUALPA,070354,SAN JOSÉ,PARROQUIA RURAL,2024
07,EL ORO,0703,ATAHUALPA,070355,SAN JUAN DE CERRO AZUL,PARROQUIA RURAL,2024
07,EL ORO,0704,BALSAS,070450,BALSAS,CABECERA CANTONAL,2024
07,EL ORO,0704,BALSAS,070451,BELLAMARÍA,PARROQUIA RURAL,2024
07,EL ORO,0705,CHILLA,070550,CHILLA,CABECERA CANTONAL,2024
07,EL ORO,0706,EL GUABO,070650,EL GUABO,CABECERA CANTONAL,2024
07,EL ORO,0706,EL GUABO,070651,BARBONES,PARROQUIA RURAL,2024
07,EL ORO,0706,EL GUABO,070652,LA IBERIA,PARROQUIA RURAL,2024
07,EL ORO,0706,EL GUABO,070653,TENDALES,PARROQUIA RURAL,2024
07,EL ORO,0706,EL GUABO,070654,RÍO BONITO,PARROQUIA RURAL,2024
07,EL ORO,0707,HUAQUILLAS,070750,HUAQUILLAS,CABECERA CANTONAL,2024
07,EL ORO,0708,MARCABELÍ,070850,MARCABELÍ,CABECERA CANTONAL,2024
07,EL ORO,0708,MARCABELÍ,070851,EL INGENIO,PARROQUIA RURAL,2024
07,EL ORO,0709,PASAJE,070950,PASAJE,CABECERA CANTONAL,2024
07,EL ORO,0709,PASAJE,070951,BUENAVISTA,PARROQUIA RURAL,2024
07,EL ORO,0709,PASAJE,070952,CASACAY,PARROQUIA RURAL,2024
07,EL ORO,0709,PASAJE,070953,LA PEAÑA,PARROQUIA RURAL,2024
07,EL ORO,0709,PASAJE,070954,PROGRESO,PARROQUIA RURAL,2024
07,EL ORO,0709,PASAJE,070955,UZHCURRUMI,PARROQUIA RURAL,2024
07,EL ORO,0709,PASAJE,070956,CAÑAQUEMADA,PARROQUIA RURAL,2024
07,EL ORO,0710,PIÑAS,071050,PIÑAS,CABECERA CANTONAL,2024
07,EL ORO,0710,PIÑAS,071051,CAPIRO,PARROQUIA RURAL,2024
07,EL ORO,0710,PIÑAS,071052,LA BOCANA,PARROQUIA RURAL,2024
07,EL ORO,0710,PIÑAS,071053,MOROMORO,PARROQUIA RURAL,2024
07,EL ORO,0710,PIÑAS,071054,PIEDRAS,PARROQUIA RURAL,2024
07,EL ORO,0710,PIÑAS,071055,SAN ROQUE,PARROQUIA RURAL,2024
07,EL ORO,0710,PIÑAS,071056,SARACAY,PARROQUIA RURAL,2024
07,EL ORO,0711,PORTOVELO,071150,PORTOVELO,CABECERA CANTONAL,2024
07,EL ORO,0711,PORTOVELO,071151,CURTINCAPA,PARROQUIA RURAL,2024
07,EL ORO,0711,PORTOVELO,071152,MORALES,PARROQUIA RURAL,2024
07,EL ORO,0711,PORTOVELO,071153,SALATÍ,PARROQUIA RURAL,2024
07,EL ORO,0712,SANTA ROSA,071250,SANTA ROSA,CABECERA CANTONAL,2024
07,EL ORO,0712,SANTA ROSA,071251,BELLAVISTA,PARROQUIA RURAL,2024
07,EL ORO,0712,SANTA ROSA,071252,JAMBELÍ,PARROQUIA RURAL,2024
07,EL ORO,0712,SANTA ROSA,071253,LA AVANZADA,PARROQUIA RURAL,2024
07,EL ORO,0712,SANTA ROSA,071254,SAN ANTONIO,PARROQUIA RURAL,2024
07,EL ORO,0712,SANTA ROSA,071255,TORATA,PARROQUIA RURAL,2024
07,EL ORO,0712,SANTA ROSA,071256,VICTORIA,PARROQUIA RURAL,2024
07,EL ORO,0712,SANTA ROSA,071257,BELLAMARÍA,PARROQUIA RURAL,2024
07,EL ORO,0713,ZARUMA,071350,ZARUMA,CABECERA CANTONAL,2024
07,EL ORO,0713,ZARUMA,071351,ABAÑÍN,PARROQUIA RURAL,2024
07,EL ORO,0713,ZARUMA,071352,ARCAPAMBA,PARROQUIA RURAL,2024
07,EL ORO,0713,ZARUMA,071353,GUANAZÁN,PARROQUIA RURAL,2024
07,EL ORO,0713,ZARUMA,071354,GUIZHAGUIÑA,PARROQUIA RURAL,2024
07,EL ORO,0713,ZARUMA,071355,HUERTAS,PARROQUIA RURAL,2024
07,EL ORO,0713,ZARUMA,071356,MALVAS,PARROQUIA RURAL,2024
07,EL ORO,0713,ZARUMA,071357,MULUNCAY GRANDE,PARROQUIA RURAL,2024
07,EL ORO,0713,ZARUMA,071358,SINSAO,PARROQUIA RURAL,2024
07,EL ORO,0713,ZARUMA,071359,SALVIAS,PARROQUIA RURAL,2024
07,EL ORO,0714,LAS LAJAS,071450,LA VICTORIA,CABECERA CANTONAL,2024
07,EL ORO,0714,LAS LAJAS,071451,LA LIBERTAD,PARROQUIA RURAL,2024
07,EL ORO,0714,LAS LAJAS,071452,EL PARAÍSO,PARROQUIA RURAL,2024
07,EL ORO,0714,LAS LAJAS,071453,SAN ISIDRO,PARROQUIA RURAL,2024
08,ESMERALDAS,0801,ESMERALDAS,080150,ESMERALDAS,CABECERA CANTONAL,2024
08,ESMERALDAS,0801,ESMERALDAS,080152,CAMARONES,PARROQUIA RURAL,2024
08,ESMERALDAS,0801,ESMERALDAS,080153,CORONEL CARLOS CONCHA TORRES,PARROQUIA RURAL,2024
08,ESMERALDAS,0801,ESMERALDAS,080154,CHINCA,PARROQUIA RURAL,2024
08,ESMERALDAS,0801,ESMERALDAS,080159,MAJUA,PARROQUIA RURAL,2024
08,ESMERALDAS,0801,ESMERALDAS,080163,SAN MATEO,PARROQUIA RURAL,2024
08,ESMERALDAS,0801,ESMERALDAS,080165,TABIAZO,PARROQUIA RURAL,2024
08,ESMERALDAS,0801,ESMERALDAS,080166,TACHINA,PARROQUIA RURAL,2024
08,ESMERALDAS,0801,ESMERALDAS,080168,VUELTA LARGA,PARROQUIA RURAL,2024
08,ESMERALDAS,0802,ELOY ALFARO,080250,VALDEZ,CABECERA CANTONAL,2024
08,ESMERALDAS,0802,ELOY ALFARO,080251,ANCHAYACU,PARROQUIA RURAL,2024
08,ESMERALDAS,0802,ELOY ALFARO,080252,ATAHUALPA,PARROQUIA RURAL,2024
08,ESMERALDAS,0802,ELOY ALFARO,080253,BORBÓN,PARROQUIA RURAL,2024
08,ESMERALDAS,0802,ELOY ALFARO,080254,LA TOLA,PARROQUIA RURAL,2024
08,ESMERALDAS,0802,ELOY ALFARO,080255,LUIS VARGAS TORRES,PARROQUIA RURAL,2024
08,ESMERALDAS,0802,ELOY ALFARO,080256,MALDONADO,PARROQUIA RURAL,2024
08,ESMERALDAS,0802,ELOY ALFARO,080257,PAMPANAL DE BOLÍVAR,PARROQUIA RURAL,2024
08,ESMERALDAS,0802,ELOY ALFARO,080258,SAN FRANCISCO DE ONZOLE,PARROQUIA RURAL,2024
08,ESMERALDAS,0802,ELOY ALFARO,080259,SANTO DOMINGO DE ONZOLE,PARROQUIA RURAL,2024
08,ESMERALDAS,0802,ELOY ALFARO,080260,SELVA ALEGRE,PARROQUIA RURAL,2024
08,ESMERALDAS,0802,ELOY ALFARO,080261,TELEMBÍ,PARROQUIA RURAL,2024
08,ESMERALDAS,0802,ELOY ALFARO,080262,COLÓN ELOY DEL MARÍA,PARROQUIA RURAL,2024
08,ESMERALDAS,0802,ELOY ALFARO,080263,SAN JOSÉ DE CAYAPAS,PARROQUIA RURAL,2024
08,ESMERALDAS,0802,ELOY ALFARO,080264,TIMBIRÉ,PARROQUIA RURAL,2024
08,ESMERALDAS,0802,ELOY ALFARO,080265,SANTA LUCÍA DE LAS PEÑAS,PARROQUIA RURAL,2024
08,ESMERALDAS,0803,MUISNE,080350,MUISNE,CABECERA CANTONAL,2024
08,ESMERALDAS,0803,MUISNE,080351,BOLÍVAR,PARROQUIA RURAL,2024
08,ESMERALDAS,0803,MUISNE,080352,DAULE,PARROQUIA RURAL,2024
08,ESMERALDAS,0803,MUISNE,080353,GALERA,PARROQUIA RURAL,2024
08,ESMERALDAS,0803,MUISNE,080354,QUINGUE,PARROQUIA RURAL,2024
08,ESMERALDAS,0803,MUISNE,080355,SÁLIMA,PARROQUIA RURAL,2024
08,ESMERALDAS,0803,MUISNE,080356,SAN FRANCISCO,PARROQUIA RURAL,2024
08,ESMERALDAS,0803,MUISNE,080357,SAN GREGORIO,PARROQUIA RURAL,2024
08,ESMERALDAS,0803,MUISNE,080358,SAN JOSÉ DE CHAMANGA,PARROQUIA RURAL,2024
08,ESMERALDAS,0804,QUININDÉ,080450,ROSA ZÁRATE,CABECERA CANTONAL,2024
08,ESMERALDAS,0804,QUININDÉ,080451,CUBE,PARROQUIA RURAL,2024
08,ESMERALDAS,0804,QUININDÉ,080452,CHURA,PARROQUIA RURAL,2024
08,ESMERALDAS,0804,QUININDÉ,080453,MALIMPIA,PARROQUIA RURAL,2024
08,ESMERALDAS,0804,QUININDÉ,080454,VICHE,PARROQUIA RURAL,2024
08,ESMERALDAS,0804,QUININDÉ,080455,LA UNIÓN,PARROQUIA RURAL,2024
08,ESMERALDAS,0805,SAN LORENZO,080550,SAN LORENZO,CABECERA CANTONAL,2024
08,ESMERALDAS,0805,SAN LORENZO,080551,ALTO TAMBO,PARROQUIA RURAL,2024
08,ESMERALDAS,0805,SAN LORENZO,080552,ANCÓN,PARROQUIA RURAL,2024
08,ESMERALDAS,0805,SAN LORENZO,080553,CALDERÓN,PARROQUIA RURAL,2024
08,ESMERALDAS,0805,SAN LORENZO,080554,CARONDELET,PARROQUIA RURAL,2024
08,ESMERALDAS,0805,SAN LORENZO,080555,5 DE JUNIO,PARROQUIA RURAL,2024
08,ESMERALDAS,0805,SAN LORENZO,080556,CONCEPCIÓN,PARROQUIA RURAL,2024
08,ESMERALDAS,0805,SAN LORENZO,080557,MATAJE,PARROQUIA RURAL,2024
08,ESMERALDAS,0805,SAN LORENZO,080558,SAN JAVIER DE CACHAVÍ,PARROQUIA RURAL,2024
08,ESMERALDAS,0805,SAN LORENZO,080559,SANTA RITA,PARROQUIA RURAL,2024
08,ESMERALDAS,0805,SAN LORENZO,080560,TAMBILLO,PARROQUIA RURAL,2024
08,ESMERALDAS,0805,SAN LORENZO,080561,TULULBÍ,PARROQUIA RURAL,2024
08,ESMERALDAS,0805,SAN LORENZO,080562,URBINA,PARROQUIA RURAL,2024
08,ESMERALDAS,0806,ATACAMES,080650,ATACAMES,CABECERA CANTONAL,2024
08,ESMERALDAS,0806,ATACAMES,080651,LA UNIÓN,PARROQUIA RURAL,2024
08,ESMERALDAS,0806,ATACAMES,080652,SÚA,PARROQUIA RURAL,2024
08,ESMERALDAS,0806,ATACAMES,080653,TONCHIGÜE,PARROQUIA RURAL,2024
08,ESMERALDAS,0806,ATACAMES,080654,TONSUPA,PARROQUIA RURAL,2024
08,ESMERALDAS,0807,RIOVERDE,080750,RIOVERDE,CABECERA CANTONAL,2024
08,ESMERALDAS,0807,RIOVERDE,080751,CHONTADURO,PARROQUIA RURAL,2024
08,ESMERALDAS,0807,RIOVERDE,080752,CHUMUNDÉ,PARROQUIA RURAL,2024
08,ESMERALDAS,0807,RIOVERDE,080753,LAGARTO,PARROQUIA RURAL,2024
08,ESMERALDAS,0807,RIOVERDE,080754,MONTALVO,PARROQUIA RURAL,2024
08,ESMERALDAS,0807,RIOVERDE,080755,ROCAFUERTE,PARROQUIA RURAL,2024
09,GUAYAS,0901,GUAYAQUIL,090150,GUAYAQUIL,CABECERA CANTONAL,2024
09,GUAYAS,0901,GUAYAQUIL,090152,JUAN GÓMEZ RENDÓN,PARROQUIA RURAL,2024
09,GUAYAS,0901,GUAYAQUIL,090153,MORRO,PARROQUIA RURAL,2024
09,GUAYAS,0901,GUAYAQUIL,090156,POSORJA,PARROQUIA RURAL,2024
09,GUAYAS,0901,GUAYAQUIL,090157,PUNÁ,PARROQUIA RURAL,2024
09,GUAYAS,0901,GUAYAQUIL,090158,TENGUEL,PARROQUIA RURAL,2024
09,GUAYAS,0902,ALFREDO BAQUERIZO MORENO (JUJÁN),090250,ALFREDO BAQUERIZO MORENO (JUJÁN),CABECERA CANTONAL,2024
09,GUAYAS,0903,BALAO,090350,BALAO,CABECERA CANTONAL,2024
09,GUAYAS,0904,BALZAR,090450,BALZAR,CABECERA CANTONAL,2024
09,GUAYAS,0905,COLIMES,090550,COLIMES,CABECERA CANTONAL,2024
09,GUAYAS,0905,COLIMES,090551,SAN JACINTO,PARROQUIA RURAL,2024
09,GUAYAS,0906,DAULE,090650,DAULE,CABECERA CANTONAL,2024
09,GUAYAS,0906,DAULE,090652,JUAN BAUTISTA AGUIRRE,PARROQUIA RURAL,2024
09,GUAYAS,0906,DAULE,090653,LAUREL,PARROQUIA RURAL,2024
09,GUAYAS,0906,DAULE,090654,LIMONAL,PARROQUIA RURAL,2024
09,GUAYAS,0906,DAULE,090656,LOS LOJAS,PARROQUIA RURAL,2024
09,GUAYAS,0907,DURÁN,090750,ELOY ALFARO,CABECERA CANTONAL,2024
09,GUAYAS,0908,EL EMPALME,090850,VELASCO IBARRA,CABECERA CANTONAL,2024
09,GUAYAS,0908,EL EMPALME,090851,GUAYAS,PARROQUIA RURAL,2024
09,GUAYAS,0908,EL EMPALME,090852,EL ROSARIO,PARROQUIA RURAL,2024
09,GUAYAS,0909,EL TRIUNFO,090950,EL TRIUNFO,CABECERA CANTONAL,2024
09,GUAYAS,0910,MILAGRO,091050,MILAGRO,CABECERA CANTONAL,2024
09,GUAYAS,0910,MILAGRO,091051,CHOBO,PARROQUIA RURAL,2024
09,GUAYAS,0910,MILAGRO,091053,MARISCAL SUCRE,PARROQUIA RURAL,2024
09,GUAYAS,0910,MILAGRO,091054,ROBERTO ASTUDILLO,PARROQUIA RURAL,2024
09,GUAYAS,0911,NARANJAL,091150,NARANJAL,CABECERA CANTONAL,2024
09,GUAYAS,0911,NARANJAL,091151,JESÚS MARÍA,PARROQUIA RURAL,2024
09,GUAYAS,0911,NARANJAL,091152,SAN CARLOS,PARROQUIA RURAL,2024
09,GUAYAS,0911,NARANJAL,091153,SANTA ROSA DE FLANDES,PARROQUIA RURAL,2024
09,GUAYAS,0911,NARANJAL,091154,TAURA,PARROQUIA RURAL,2024
09,GUAYAS,0912,NARANJITO,091250,NARANJITO,CABECERA CANTONAL,2024
09,GUAYAS,0913,PALESTINA,091350,PALESTINA,CABECERA CANTONAL,2024
09,GUAYAS,0914,PEDRO CARBO,091450,PEDRO CARBO,CABECERA CANTONAL,2024
09,GUAYAS,0914,PEDRO CARBO,091451,VALLE DE LA VIRGEN,PARROQUIA RURAL,2024
09,GUAYAS,0914,PEDRO CARBO,091452,SABANILLA,PARROQUIA RURAL,2024
09,GUAYAS,0916,SAMBORONDÓN,091650,SAMBORONDÓN,CABECERA CANTONAL,2024
09,GUAYAS,0916,SAMBORONDÓN,091651,TARIFA,PARROQUIA RURAL,2024
09,GUAYAS,0918,SANTA LUCÍA,091850,SANTA LUCÍA,CABECERA CANTONAL,2024
09,GUAYAS,0919,SALITRE,091950,EL SALITRE,CABECERA CANTONAL,2024
09,GUAYAS,0919,SALITRE,091951,GENERAL VERNAZA,PARROQUIA RURAL,2024
09,GUAYAS,0919,SALITRE,091952,LA VICTORIA,PARROQUIA RURAL,2024
09,GUAYAS,0919,SALITRE,091953,JUNQUILLAL,PARROQUIA RURAL,2024
09,GUAYAS,0920,SAN JACINTO DE YAGUACHI,092050,SAN JACINTO DE YAGUACHI,CABECERA CANTONAL,2024
09,GUAYAS,0920,SAN JACINTO DE YAGUACHI,092053,GENERAL PEDRO J. MONTERO,PARROQUIA RURAL,2024
09,GUAYAS,0920,SAN JACINTO DE YAGUACHI,092055,YAGUACHI VIEJO,PARROQUIA RURAL,2024
09,GUAYAS,0920,SAN JACINTO DE YAGUACHI,092056,VIRGEN DE FÁTIMA,PARROQUIA RURAL,2024
09,GUAYAS,0921,PLAYAS,092150,GENERAL VILLAMIL,CABECERA CANTONAL,2024
09,GUAYAS,0922,SIMÓN BOLÍVAR,092250,SIMÓN BOLÍVAR,CABECERA CANTONAL,2024
09,GUAYAS,0922,SIMÓN BOLÍVAR,092251,CORONEL LORENZO DE GARAYCOA,PARROQUIA RURAL,2024
09,GUAYAS,0923,CORONEL MARCELINO MARIDUEÑA,092350,CORONEL MARCELINO MARIDUEÑA,CABECERA CANTONAL,2024
09,GUAYAS,0924,LOMAS DE SARGENTILLO,092450,LOMAS DE SARGENTILLO,CABECERA CANTONAL,2024
09,GUAYAS,0925,NOBOL,092550,NARCISA DE JESÚS,CABECERA CANTONAL,2024
09,GUAYAS,0927,GENERAL  ANTONIO ELIZALDE,092750,GENERAL ANTONIO ELIZALDE,CABECERA CANTONAL,2024
09,GUAYAS,0928,ISIDRO AYORA,092850,ISIDRO AYORA,CABECERA CANTONAL,2024
10,IMBABURA,1001,IBARRA,100150,SAN MIGUEL DE IBARRA,CABECERA CANTONAL,2024
10,IMBABURA,1001,IBARRA,100151,AMBUQUÍ,PARROQUIA RURAL,2024
10,IMBABURA,1001,IBARRA,100152,ANGOCHAGUA,PARROQUIA RURAL,2024
10,IMBABURA,1001,IBARRA,100153,LA CAROLINA,PARROQUIA RURAL,2024
10,IMBABURA,1001,IBARRA,100154,LA ESPERANZA,PARROQUIA RURAL,2024
10,IMBABURA,1001,IBARRA,100155,LITA,PARROQUIA RURAL,2024
10,IMBABURA,1001,IBARRA,100156,SALINAS,PARROQUIA RURAL,2024
10,IMBABURA,1001,IBARRA,100157,SAN ANTONIO,PARROQUIA RURAL,2024
10,IMBABURA,1002,ANTONIO ANTE,100250,ATUNTAQUI,CABECERA CANTONAL,2024
10,IMBABURA,1002,ANTONIO ANTE,100251,IMBAYA,PARROQUIA RURAL,2024
10,IMBABURA,1002,ANTONIO ANTE,100252,SAN FRANCISCO DE NATABUELA,PARROQUIA RURAL,2024
10,IMBABURA,1002,ANTONIO ANTE,100253,SAN JOSÉ DE CHALTURA,PARROQUIA RURAL,2024
10,IMBABURA,1002,ANTONIO ANTE,100254,SAN ROQUE,PARROQUIA RURAL,2024
10,IMBABURA,1003,COTACACHI,100350,COTACACHI,CABECERA CANTONAL,2024
10,IMBABURA,1003,COTACACHI,100351,APUELA,PARROQUIA RURAL,2024
10,IMBABURA,1003,COTACACHI,100352,GARCÍA MORENO,PARROQUIA RURAL,2024
10,IMBABURA,1003,COTACACHI,100353,IMANTAG,PARROQUIA RURAL,2024
10,IMBABURA,1003,COTACACHI,100354,PEÑAHERRERA,PARROQUIA RURAL,2024
10,IMBABURA,1003,COTACACHI,100355,PLAZA GUTIÉRREZ,PARROQUIA RURAL,2024
10,IMBABURA,1003,COTACACHI,100356,QUIROGA,PARROQUIA RURAL,2024
10,IMBABURA,1003,COTACACHI,100357,SEIS DE JULIO DE CUELLAJE,PARROQUIA RURAL,2024
10,IMBABURA,1003,COTACACHI,100358,VACAS GALINDO,PARROQUIA RURAL,2024
10,IMBABURA,1004,OTAVALO,100450,OTAVALO,CABECERA CANTONAL,2024
10,IMBABURA,1004,OTAVALO,100451,DR. MIGUEL EGAS CABEZAS,PARROQUIA RURAL,2024
10,IMBABURA,1004,OTAVALO,100452,EUGENIO ESPEJO,PARROQUIA RURAL,2024
10,IMBABURA,1004,OTAVALO,100453,GONZÁLEZ SUÁREZ,PARROQUIA RURAL,2024
10,IMBABURA,1004,OTAVALO,100454,PATAQUÍ,PARROQUIA RURAL,2024
10,IMBABURA,1004,OTAVALO,100455,SAN JOSÉ DE QUICHINCHE,PARROQUIA RURAL,2024
10,IMBABURA,1004,OTAVALO,100456,SAN JUAN DE ILUMÁN,PARROQUIA RURAL,2024
10,IMBABURA,1004,OTAVALO,100457,SAN PABLO,PARROQUIA RURAL,2024
10,IMBABURA,1004,OTAVALO,100458,SAN RAFAEL,PARROQUIA RURAL,2024
10,IMBABURA,1004,OTAVALO,100459,SELVA ALEGRE,PARROQUIA RURAL,2024
10,IMBABURA,1005,PIMAMPIRO,100550,PIMAMPIRO,CABECERA CANTONAL,2024
10,IMBABURA,1005,PIMAMPIRO,100551,CHUGÁ,PARROQUIA RURAL,2024
10,IMBABURA,1005,PIMAMPIRO,100552,MARIANO ACOSTA,PARROQUIA RURAL,2024
10,IMBABURA,1005,PIMAMPIRO,100553,SAN FRANCISCO DE SIGSIPAMBA,PARROQUIA RURAL,2024
10,IMBABURA,1006,SAN MIGUEL DE URCUQUÍ,100650,URCUQUÍ,CABECERA CANTONAL,2024
10,IMBABURA,1006,SAN MIGUEL DE URCUQUÍ,100651,CAHUASQUÍ,PARROQUIA RURAL,2024
10,IMBABURA,1006,SAN MIGUEL DE URCUQUÍ,100652,LA MERCED DE BUENOS AIRES,PARROQUIA RURAL,2024
10,IMBABURA,1006,SAN MIGUEL DE URCUQUÍ,100653,PABLO ARENAS,PARROQUIA RURAL,2024
10,IMBABURA,1006,SAN MIGUEL DE URCUQUÍ,100654,SAN BLAS,PARROQUIA RURAL,2024
10,IMBABURA,1006,SAN MIGUEL DE URCUQUÍ,100655,TUMBABIRO,PARROQUIA RURAL,2024
11,LOJA,1101,LOJA,110150,LOJA,CABECERA CANTONAL,2024
11,LOJA,1101,LOJA,110151,CHANTACO,PARROQUIA RURAL,2024
11,LOJA,1101,LOJA,110152,CHUQUIRIBAMBA,PARROQUIA RURAL,2024
11,LOJA,1101,LOJA,110153,EL CISNE,PARROQUIA RURAL,2024
11,LOJA,1101,LOJA,110154,GUALEL,PARROQUIA RURAL,2024
11,LOJA,1101,LOJA,110155,JIMBILLA,PARROQUIA RURAL,2024
11,LOJA,1101,LOJA,110156,MALACATOS,PARROQUIA RURAL,2024
11,LOJA,1101,LOJA,110157,SAN LUCAS,PARROQUIA RURAL,2024
11,LOJA,1101,LOJA,110158,SAN PEDRO DE VILCABAMBA,PARROQUIA RURAL,2024
11,LOJA,1101,LOJA,110159,SANTIAGO,PARROQUIA RURAL,2024
11,LOJA,1101,LOJA,110160,TAQUIL,PARROQUIA RURAL,2024
11,LOJA,1101,LOJA,110161,VILCABAMBA,PARROQUIA RURAL,2024
11,LOJA,1101,LOJA,110162,YANGANA,PARROQUIA RURAL,2024
11,LOJA,1101,LOJA,110163,QUINARA,PARROQUIA RURAL,2024
11,LOJA,1102,CALVAS,110250,CARIAMANGA,CABECERA CANTONAL,2024
11,LOJA,1102,CALVAS,110251,COLAISACA,PARROQUIA RURAL,2024
11,LOJA,1102,CALVAS,110252,EL LUCERO,PARROQUIA RURAL,2024
11,LOJA,1102,CALVAS,110253,UTUANA,PARROQUIA RURAL,2024
11,LOJA,1102,CALVAS,110254,SANGUILLÍN,PARROQUIA RURAL,2024
11,LOJA,1103,CATAMAYO,110350,CATAMAYO,CABECERA CANTONAL,2024
11,LOJA,1103,CATAMAYO,110351,EL TAMBO,PARROQUIA RURAL,2024
11,LOJA,1103,CATAMAYO,110352,GUAYQUICHUMA,PARROQUIA RURAL,2024
11,LOJA,1103,CATAMAYO,110353,SAN PEDRO DE LA BENDITA,PARROQUIA RURAL,2024
11,LOJA,1103,CATAMAYO,110354,ZAMBI,PARROQUIA RURAL,2024
11,LOJA,1104,CELICA,110450,CELICA,CABECERA CANTONAL,2024
11,LOJA,1104,CELICA,110451,CRUZPAMBA,PARROQUIA RURAL,2024
11,LOJA,1104,CELICA,110455,PÓZUL,PARROQUIA RURAL,2024
11,LOJA,1104,CELICA,110456,SABANILLA,PARROQUIA RURAL,2024
11,LOJA,1104,CELICA,110457,TENIENTE MAXIMILIANO RODRÍGUEZ LOAIZA,PARROQUIA RURAL,2024
11,LOJA,1105,CHAGUARPAMBA,110550,CHAGUARPAMBA,CABECERA CANTONAL,2024
11,LOJA,1105,CHAGUARPAMBA,110551,BUENAVISTA,PARROQUIA RURAL,2024
11,LOJA,1105,CHAGUARPAMBA,110552,EL ROSARIO,PARROQUIA RURAL,2024
11,LOJA,1105,CHAGUARPAMBA,110553,SANTA RUFINA,PARROQUIA RURAL,2024
11,LOJA,1105,CHAGUARPAMBA,110554,AMARILLOS,PARROQUIA RURAL,2024
11,LOJA,1106,ESPÍNDOLA,110650,AMALUZA,CABECERA CANTONAL,2024
11,LOJA,1106,ESPÍNDOLA,110651,BELLAVISTA,PARROQUIA RURAL,2024
11,LOJA,1106,ESPÍNDOLA,110652,JIMBURA,PARROQUIA RURAL,2024
11,LOJA,1106,ESPÍNDOLA,110653,SANTA TERESITA,PARROQUIA RURAL,2024
11,LOJA,1106,ESPÍNDOLA,110654,27 DE ABRIL,PARROQUIA RURAL,2024
11,LOJA,1106,ESPÍNDOLA,110655,EL INGENIO,PARROQUIA RURAL,2024
11,LOJA,1106,ESPÍNDOLA,110656,EL AIRO,PARROQUIA RURAL,2024
11,LOJA,1107,GONZANAMÁ,110750,GONZANAMÁ,CABECERA CANTONAL,2024
11,LOJA,1107,GONZANAMÁ,110751,CHANGAIMINA,PARROQUIA RURAL,2024
11,LOJA,1107,GONZANAMÁ,110753,NAMBACOLA,PARROQUIA RURAL,2024
11,LOJA,1107,GONZANAMÁ,110754,PURUNUMA,PARROQUIA RURAL,2024
11,LOJA,1107,GONZANAMÁ,110756,SACAPALCA,PARROQUIA RURAL,2024
11,LOJA,1108,MACARÁ,110850,MACARÁ,CABECERA CANTONAL,2024
11,LOJA,1108,MACARÁ,110851,LARAMA,PARROQUIA RURAL,2024
11,LOJA,1108,MACARÁ,110852,LA VICTORIA,PARROQUIA RURAL,2024
11,LOJA,1108,MACARÁ,110853,SABIANGO,PARROQUIA RURAL,2024
11,LOJA,1109,PALTAS,110950,CATACOCHA,CABECERA CANTONAL,2024
11,LOJA,1109,PALTAS,110951,CANGONAMÁ,PARROQUIA RURAL,2024
11,LOJA,1109,PALTAS,110952,GUACHANAMÁ,PARROQUIA RURAL,2024
11,LOJA,1109,PALTAS,110954,LAURO GUERRERO,PARROQUIA RURAL,2024
11,LOJA,1109,PALTAS,110956,ORIANGA,PARROQUIA RURAL,2024
11,LOJA,1109,PALTAS,110957,SAN ANTONIO,PARROQUIA RURAL,2024
11,LOJA,1109,PALTAS,110958,CASANGA,PARROQUIA RURAL,2024
11,LOJA,1109,PALTAS,110959,YAMANA,PARROQUIA RURAL,2024
11,LOJA,1110,PUYANGO,111050,ALAMOR,CABECERA CANTONAL,2024
11,LOJA,1110,PUYANGO,111051,CIANO,PARROQUIA RURAL,2024
11,LOJA,1110,PUYANGO,111052,EL ARENAL,PARROQUIA RURAL,2024
11,LOJA,1110,PUYANGO,111053,EL LIMO,PARROQUIA RURAL,2024
11,LOJA,1110,PUYANGO,111054,MERCADILLO,PARROQUIA RURAL,2024
11,LOJA,1110,PUYANGO,111055,VICENTINO,PARROQUIA RURAL,2024
11,LOJA,1111,SARAGURO,111150,SARAGURO,CABECERA CANTONAL,2024
11,LOJA,1111,SARAGURO,111151,EL PARAÍSO DE CELEN,PARROQUIA RURAL,2024
11,LOJA,1111,SARAGURO,111152,EL TABLÓN,PARROQUIA RURAL,2024
11,LOJA,1111,SARAGURO,111153,LLUZHAPA,PARROQUIA RURAL,2024
11,LOJA,1111,SARAGURO,111154,MANÚ,PARROQUIA RURAL,2024
11,LOJA,1111,SARAGURO,111155,SAN ANTONIO DE QUMBE,PARROQUIA RURAL,2024
11,LOJA,1111,SARAGURO,111156,SAN PABLO DE TENTA,PARROQUIA RURAL,2024
11,LOJA,1111,SARAGURO,111157,SAN SEBASTIÁN DE YÚLUC,PARROQUIA RURAL,2024
11,LOJA,1111,SARAGURO,111158,SELVA ALEGRE,PARROQUIA RURAL,2024
11,LOJA,1111,SARAGURO,111159,URDANETA,PARROQUIA RURAL,2024
11,LOJA,1111,SARAGURO,111160,SUMAYPAMBA,PARROQUIA RURAL,2024
11,LOJA,1112,SOZORANGA,111250,SOZORANGA,CABECERA CANTONAL,2024
11,LOJA,1112,SOZORANGA,111251,NUEVA FÁTIMA,PARROQUIA RURAL,2024
11,LOJA,1112,SOZORANGA,111252,TACAMOROS,PARROQUIA RURAL,2024
11,LOJA,1113,ZAPOTILLO,111350,ZAPOTILLO,CABECERA CANTONAL,2024
11,LOJA,1113,ZAPOTILLO,111351,MANGAHURCO,PARROQUIA RURAL,2024
11,LOJA,1113,ZAPOTILLO,111352,GARZAREAL,PARROQUIA RURAL,2024
11,LOJA,1113,ZAPOTILLO,111353,LIMONES,PARROQUIA RURAL,2024
11,LOJA,1113,ZAPOTILLO,111354,PALETILLAS,PARROQUIA RURAL,2024
11,LOJA,1113,ZAPOTILLO,111355,BOLASPAMBA,PARROQUIA RURAL,2024
11,LOJA,1113,ZAPOTILLO,111356,CAZADEROS,PARROQUIA RURAL,2024
11,LOJA,1114,PINDAL,111450,PINDAL,CABECERA CANTONAL,2024
11,LOJA,1114,PINDAL,111451,CHAQUINAL,PARROQUIA RURAL,2024
11,LOJA,1114,PINDAL,111452,12 DE DICIEMBRE,PARROQUIA RURAL,2024
11,LOJA,1114,PINDAL,111453,MILAGROS,PARROQUIA RURAL,2024
11,LOJA,1115,QUILANGA,111550,QUILANGA,CABECERA CANTONAL,2024
11,LOJA,1115,QUILANGA,111551,FUNDOCHAMBA,PARROQUIA RURAL,2024
11,LOJA,1115,QUILANGA,111552,SAN ANTONIO DE LAS ARADAS,PARROQUIA RURAL,2024
11,LOJA,1116,OLMEDO,111650,OLMEDO,CABECERA CANTONAL,2024
11,LOJA,1116,OLMEDO,111651,LA TINGUE,PARROQUIA RURAL,2024
12,LOS RÍOS,1201,BABAHOYO,120150,BABAHOYO,CABECERA CANTONAL,2024
12,LOS RÍOS,1201,BABAHOYO,120152,CARACOL,PARROQUIA RURAL,2024
12,LOS RÍOS,1201,BABAHOYO,120153,FEBRES CORDERO,PARROQUIA RURAL,2024
12,LOS RÍOS,1201,BABAHOYO,120154,PIMOCHA,PARROQUIA RURAL,2024
12,LOS RÍOS,1201,BABAHOYO,120155,LA UNIÓN,PARROQUIA RURAL,2024
12,LOS RÍOS,1202,BABA,120250,BABA,CABECERA CANTONAL,2024
12,LOS RÍOS,1202,BABA,120251,GUARE,PARROQUIA RURAL,2024
12,LOS RÍOS,1202,BABA,120252,ISLA DE BEJUCAL,PARROQUIA RURAL,2024
12,LOS RÍOS,1203,MONTALVO,120350,MONTALVO,CABECERA CANTONAL,2024
12,LOS RÍOS,1203,MONTALVO,120351,LA ESMERALDA,PARROQUIA RURAL,2024
12,LOS RÍOS,1204,PUEBLOVIEJO,120450,PUEBLOVIEJO,CABECERA CANTONAL,2024
12,LOS RÍOS,1204,PUEBLOVIEJO,120451,PUERTO PECHICHE,PARROQUIA RURAL,2024
12,LOS RÍOS,1204,PUEBLOVIEJO,120452,SAN JUAN,PARROQUIA RURAL,2024
12,LOS RÍOS,1205,QUEVEDO,120550,QUEVEDO,CABECERA CANTONAL,2024
12,LOS RÍOS,1205,QUEVEDO,120553,SAN CARLOS,PARROQUIA RURAL,2024
12,LOS RÍOS,1205,QUEVEDO,120555,LA ESPERANZA,PARROQUIA RURAL,2024
12,LOS RÍOS,1206,URDANETA,120650,CATARAMA,CABECERA CANTONAL,2024
12,LOS RÍOS,1206,URDANETA,120651,RICAURTE,PARROQUIA RURAL,2024
12,LOS RÍOS,1207,VENTANAS,120750,VENTANAS,CABECERA CANTONAL,2024
12,LOS RÍOS,1207,VENTANAS,120752,ZAPOTAL,PARROQUIA RURAL,2024
12,LOS RÍOS,1207,VENTANAS,120753,CHACARITA,PARROQUIA RURAL,2024
12,LOS RÍOS,1207,VENTANAS,120754,LOS ÁNGELES,PARROQUIA RURAL,2024
12,LOS RÍOS,1208,VINCES,120850,VINCES,CABECERA CANTONAL,2024
12,LOS RÍOS,1208,VINCES,120851,ANTONIO SOTOMAYOR,PARROQUIA RURAL,2024
12,LOS RÍOS,1209,PALENQUE,120950,PALENQUE,CABECERA CANTONAL,2024
12,LOS RÍOS,1210,BUENA FE,121050,SAN JACINTO DE BUENA FE,CABECERA CANTONAL,2024
12,LOS RÍOS,1210,BUENA FE,121051,PATRICIA PILAR,PARROQUIA RURAL,2024
12,LOS RÍOS,1211,VALENCIA,121150,VALENCIA,CABECERA CANTONAL,2024
12,LOS RÍOS,1212,MOCACHE,121250,MOCACHE,CABECERA CANTONAL,2024
12,LOS RÍOS,1213,QUINSALOMA,121350,QUINSALOMA,CABECERA CANTONAL,2024
13,MANABÍ,1301,PORTOVIEJO,130150,PORTOVIEJO,CABECERA CANTONAL,2024
13,MANABÍ,1301,PORTOVIEJO,130151,ABDÓN CALDERÓN,PARROQUIA RURAL,2024
13,MANABÍ,1301,PORTOVIEJO,130152,ALHAJUELA,PARROQUIA RURAL,2024
13,MANABÍ,1301,PORTOVIEJO,130153,CRUCITA,PARROQUIA RURAL,2024
13,MANABÍ,1301,PORTOVIEJO,130154,PUEBLO NUEVO,PARROQUIA RURAL,2024
13,MANABÍ,1301,PORTOVIEJO,130155,RIOCHICO,PARROQUIA RURAL,2024
13,MANABÍ,1301,PORTOVIEJO,130156,SAN PLÁCIDO,PARROQUIA RURAL,2024
13,MANABÍ,1301,PORTOVIEJO,130157,CHIRIJOS,PARROQUIA RURAL,2024
13,MANABÍ,1302,BOLÍVAR,130250,CALCETA,CABECERA CANTONAL,2024
13,MANABÍ,1302,BOLÍVAR,130251,MEMBRILLO,PARROQUIA RURAL,2024
13,MANABÍ,1302,BOLÍVAR,130252,QUIROGA,PARROQUIA RURAL,2024
13,MANABÍ,1303,CHONE,130350,CHONE,CABECERA CANTONAL,2024
13,MANABÍ,1303,CHONE,130351,BOYACÁ,PARROQUIA RURAL,2024
13,MANABÍ,1303,CHONE,130352,CANUTO,PARROQUIA RURAL,2024
13,MANABÍ,1303,CHONE,130353,CONVENTO,PARROQUIA RURAL,2024
13,MANABÍ,1303,CHONE,130354,CHIBUNGA,PARROQUIA RURAL,2024
13,MANABÍ,1303,CHONE,130355,ELOY ALFARO,PARROQUIA RURAL,2024
13,MANABÍ,1303,CHONE,130356,RICAURTE,PARROQUIA RURAL,2024
13,MANABÍ,1303,CHONE,130357,SAN ANTONIO,PARROQUIA RURAL,2024
13,MANABÍ,1304,EL CARMEN,130450,EL CARMEN,CABECERA CANTONAL,2024
13,MANABÍ,1304,EL CARMEN,130451,WILFRIDO LOOR MOREIRA,PARROQUIA RURAL,2024
13,MANABÍ,1304,EL CARMEN,130452,SAN PEDRO DE SUMA,PARROQUIA RURAL,2024
13,MANABÍ,1304,EL CARMEN,130453,SANTA MARÍA,PARROQUIA RURAL,2024
13,MANABÍ,1304,EL CARMEN,130454,EL PARAÍSO LA 14,PARROQUIA RURAL,2024
13,MANABÍ,1305,FLAVIO ALFARO,130550,FLAVIO ALFARO,CABECERA CANTONAL,2024
13,MANABÍ,1305,FLAVIO ALFARO,130551,SAN FRANCISCO DE NOVILLO,PARROQUIA RURAL,2024
13,MANABÍ,1305,FLAVIO ALFARO,130552,ZAPALLO,PARROQUIA RURAL,2024
13,MANABÍ,1306,JIPIJAPA,130650,JIPIJAPA,CABECERA CANTONAL,2024
13,MANABÍ,1306,JIPIJAPA,130651,AMÉRICA,PARROQUIA RURAL,2024
13,MANABÍ,1306,JIPIJAPA,130652,EL ANEGADO,PARROQUIA RURAL,2024
13,MANABÍ,1306,JIPIJAPA,130653,JULCUY,PARROQUIA RURAL,2024
13,MANABÍ,1306,JIPIJAPA,130654,LA UNIÓN,PARROQUIA RURAL,2024
13,MANABÍ,1306,JIPIJAPA,130656,MEMBRILLAL,PARROQUIA RURAL,2024
13,MANABÍ,1306,JIPIJAPA,130657,PEDRO PABLO GÓMEZ,PARROQUIA RURAL,2024
13,MANABÍ,1306,JIPIJAPA,130658,PUERTO CAYO,PARROQUIA RURAL,2024
13,MANABÍ,1307,JUNÍN,130750,JUNÍN,CABECERA CANTONAL,2024
13,MANABÍ,1308,MANTA,130850,MANTA,CABECERA CANTONAL,2024
13,MANABÍ,1308,MANTA,130851,SAN LORENZO,PARROQUIA RURAL,2024
13,MANABÍ,1308,MANTA,130852,SANTA MARIANITA,PARROQUIA RURAL,2024
13,MANABÍ,1309,MONTECRISTI,130950,MONTECRISTI,CABECERA CANTONAL,2024
13,MANABÍ,1309,MONTECRISTI,130952,LA PILA,PARROQUIA RURAL,2024
13,MANABÍ,1310,PAJÁN,131050,PAJÁN,CABECERA CANTONAL,2024
13,MANABÍ,1310,PAJÁN,131051,CAMPOZANO,PARROQUIA RURAL,2024
13,MANABÍ,1310,PAJÁN,131052,CASCOL,PARROQUIA RURAL,2024
13,MANABÍ,1310,PAJÁN,131053,GUALE,PARROQUIA RURAL,2024
13,MANABÍ,1310,PAJÁN,131054,LASCANO,PARROQUIA RURAL,2024
13,MANABÍ,1311,PICHINCHA,131150,PICHINCHA,CABECERA CANTONAL,2024
13,MANABÍ,1311,PICHINCHA,131151,BARRAGANETE,PARROQUIA RURAL,2024
13,MANABÍ,1311,PICHINCHA,131152,SAN SEBASTIÁN,PARROQUIA RURAL,2024
13,MANABÍ,1312,ROCAFUERTE,131250,ROCAFUERTE,CABECERA CANTONAL,2024
13,MANABÍ,1312,ROCAFUERTE,131251,SOSOTE,PARROQUIA RURAL,2024
13,MANABÍ,1313,SANTA ANA,131350,SANTA ANA DE VUELTA LARGA,CABECERA CANTONAL,2024
13,MANABÍ,1313,SANTA ANA,131351,AYACUCHO,PARROQUIA RURAL,2024
13,MANABÍ,1313,SANTA ANA,131352,HONORATO VÁSQUEZ,PARROQUIA RURAL,2024
13,MANABÍ,1313,SANTA ANA,131353,LA UNIÓN,PARROQUIA RURAL,2024
13,MANABÍ,1313,SANTA ANA,131355,SAN PABLO,PARROQUIA RURAL,2024
13,MANABÍ,1314,SUCRE,131450,BAHIA DE CARÁQUEZ,CABECERA CANTONAL,2024
13,MANABÍ,1314,SUCRE,131453,CHARAPOTÓ,PARROQUIA RURAL,2024
13,MANABÍ,1314,SUCRE,131457,SAN ISIDRO,PARROQUIA RURAL,2024
13,MANABÍ,1315,TOSAGUA,131550,TOSAGUA,CABECERA CANTONAL,2024
13,MANABÍ,1315,TOSAGUA,131551,BACHILLERO,PARROQUIA RURAL,2024
13,MANABÍ,1315,TOSAGUA,131552,ÁNGEL PEDRO GILER,PARROQUIA RURAL,2024
13,MANABÍ,1316,24 DE MAYO,131650,SUCRE,CABECERA CANTONAL,2024
13,MANABÍ,1316,24 DE MAYO,131651,BELLAVISTA,PARROQUIA RURAL,2024
13,MANABÍ,1316,24 DE MAYO,131652,NOBOA,PARROQUIA RURAL,2024
13,MANABÍ,1316,24 DE MAYO,131653,ARQUITECTO SIXTO DURÁN BALLÉN,PARROQUIA RURAL,2024
13,MANABÍ,1317,PEDERNALES,131750,PEDERNALES,CABECERA CANTONAL,2024
13,MANABÍ,1317,PEDERNALES,131751,COJIMÍES,PARROQUIA RURAL,2024
13,MANABÍ,1317,PEDERNALES,131752,DIEZ DE AGOSTO,PARROQUIA RURAL,2024
13,MANABÍ,1317,PEDERNALES,131753,ATAHUALPA,PARROQUIA RURAL,2024
13,MANABÍ,1318,OLMEDO,131850,OLMEDO,CABECERA CANTONAL,2024
13,MANABÍ,1319,PUERTO LÓPEZ,131950,PUERTO LÓPEZ,CABECERA CANTONAL,2024
13,MANABÍ,1319,PUERTO LÓPEZ,131951,MACHALILLA,PARROQUIA RURAL,2024
13,MANABÍ,1319,PUERTO LÓPEZ,131952,SALANGO,PARROQUIA RURAL,2024
13,MANABÍ,1320,JAMA,132050,JAMA,CABECERA CANTONAL,2024
13,MANABÍ,1321,JARAMIJÓ,132150,JARAMIJÓ,CABECERA CANTONAL,2024
13,MANABÍ,1322,SAN VICENTE,132250,SAN VICENTE,CABECERA CANTONAL,2024
13,MANABÍ,1322,SAN VICENTE,132251,CANOA,PARROQUIA RURAL,2024
14,MORONA SANTIAGO,1401,MORONA,140150,MACAS,CABECERA CANTONAL,2024
14,MORONA SANTIAGO,1401,MORONA,140151,ALSHI,PARROQUIA RURAL,2024
14,MORONA SANTIAGO,1401,MORONA,140153,GENERAL PROAÑO,PARROQUIA RURAL,2024
14,MORONA SANTIAGO,1401,MORONA,140156,SAN ISIDRO,PARROQUIA RURAL,2024
14,MORONA SANTIAGO,1401,MORONA,140158,SINAÍ,PARROQUIA RURAL,2024
14,MORONA SANTIAGO,1401,MORONA,140160,ZUÑA,PARROQUIA RURAL,2024
14,MORONA SANTIAGO,1401,MORONA,140162,CUCHAENTZA,PARROQUIA RURAL,2024
14,MORONA SANTIAGO,1401,MORONA,140164,RÍO BLANCO,PARROQUIA RURAL,2024
14,MORONA SANTIAGO,1402,GUALAQUIZA,140250,GUALAQUIZA,CABECERA CANTONAL,2024
14,MORONA SANTIAGO,1402,GUALAQUIZA,140251,AMAZONAS,PARROQUIA RURAL,2024
14,MORONA SANTIAGO,1402,GUALAQUIZA,140252,BERMEJOS,PARROQUIA RURAL,2024
14,MORONA SANTIAGO,1402,GUALAQUIZA,140253,BOMBOÍZA,PARROQUIA RURAL,2024
14,MORONA SANTIAGO,1402,GUALAQUIZA,140254,CHIGÜINDA,PARROQUIA RURAL,2024
14,MORONA SANTIAGO,1402,GUALAQUIZA,140255,EL ROSARIO,PARROQUIA RURAL,2024
14,MORONA SANTIAGO,1402,GUALAQUIZA,140256,NUEVA TARQUI,PARROQUIA RURAL,2024
14,MORONA SANTIAGO,1402,GUALAQUIZA,140257,SAN MIGUEL DE CUYES,PARROQUIA RURAL,2024
14,MORONA SANTIAGO,1402,GUALAQUIZA,140258,EL IDEAL,PARROQUIA RURAL,2024
14,MORONA SANTIAGO,1403,LIMÓN INDANZA,140350,GRAL. LEONIDAS PLAZA GUTIÉRREZ,CABECERA CANTONAL,2024
14,MORONA SANTIAGO,1403,LIMÓN INDANZA,140351,INDANZA,PARROQUIA RURAL,2024
14,MORONA SANTIAGO,1403,LIMÓN INDANZA,140353,SAN ANTONIO,PARROQUIA RURAL,2024
14,MORONA SANTIAGO,1403,LIMÓN INDANZA,140356,SAN MIGUEL DE CONCHAY,PARROQUIA RURAL,2024
14,MORONA SANTIAGO,1403,LIMÓN INDANZA,140357,SANTA SUSANA DE CHIVIAZA,PARROQUIA RURAL,2024
14,MORONA SANTIAGO,1403,LIMÓN INDANZA,140358,YUNGANZA,PARROQUIA RURAL,2024
14,MORONA SANTIAGO,1404,PALORA,140450,PALORA,CABECERA CANTONAL,2024
14,MORONA SANTIAGO,1404,PALORA,140451,ARAPICOS,PARROQUIA RURAL,2024
14,MORONA SANTIAGO,1404,PALORA,140452,CUMANDÁ,PARROQUIA RURAL,2024
14,MORONA SANTIAGO,1404,PALORA,140454,SANGAY,PARROQUIA RURAL,2024
14,MORONA SANTIAGO,1404,PALORA,140455,16 DE AGOSTO,PARROQUIA RURAL,2024
14,MORONA SANTIAGO,1405,SANTIAGO,140550,SANTIAGO DE MÉNDEZ,CABECERA CANTONAL,2024
14,MORONA SANTIAGO,1405,SANTIAGO,140551,COPAL,PARROQUIA RURAL,2024
14,MORONA SANTIAGO,1405,SANTIAGO,140552,CHUPIANZA,PARROQUIA RURAL,2024
14,MORONA SANTIAGO,1405,SANTIAGO,140553,PATUCA,PARROQUIA RURAL,2024
14,MORONA SANTIAGO,1405,SANTIAGO,140554,SAN LUIS DE EL ACHO,PARROQUIA RURAL,2024
14,MORONA SANTIAGO,1405,SANTIAGO,140556,TAYUZA,PARROQUIA RURAL,2024
14,MORONA SANTIAGO,1405,SANTIAGO,140557,SAN FRANCISCO DE CHINIMBIMI,PARROQUIA RURAL,2024
14,MORONA SANTIAGO,1406,SUCÚA,140650,SUCÚA,CABECERA CANTONAL,2024
14,MORONA SANTIAGO,1406,SUCÚA,140651,ASUNCIÓN,PARROQUIA RURAL,2024
14,MORONA SANTIAGO,1406,SUCÚA,140652,HUAMBI,PARROQUIA RURAL,2024
14,MORONA SANTIAGO,1406,SUCÚA,140655,SANTA MARIANITA DE JESÚS,PARROQUIA RURAL,2024
14,MORONA SANTIAGO,1407,HUAMBOYA,140750,HUAMBOYA,CABECERA CANTONAL,2024
14,MORONA SANTIAGO,1407,HUAMBOYA,140751,CHIGUAZA,PARROQUIA RURAL,2024
14,MORONA SANTIAGO,1408,SAN JUAN BOSCO,140850,SAN JUAN BOSCO,CABECERA CANTONAL,2024
14,MORONA SANTIAGO,1408,SAN JUAN BOSCO,140851,PAN DE AZÚCAR,PARROQUIA RURAL,2024
14,MORONA SANTIAGO,1408,SAN JUAN BOSCO,140852,SAN CARLOS DE LIMÓN,PARROQUIA RURAL,2024
14,MORONA SANTIAGO,1408,SAN JUAN BOSCO,140853,SAN JACINTO DE WAKAMBEIS,PARROQUIA RURAL,2024
14,MORONA SANTIAGO,1408,SAN JUAN BOSCO,140854,SANTIAGO DE PANANZA,PARROQUIA RURAL,2024
14,MORONA SANTIAGO,1409,TAISHA,140950,TAISHA,CABECERA CANTONAL,2024
14,MORONA SANTIAGO,1409,TAISHA,140951,HUASAGA,PARROQUIA RURAL,2024
14,MORONA SANTIAGO,1409,TAISHA,140952,MACUMA,PARROQUIA RURAL,2024
14,MORONA SANTIAGO,1409,TAISHA,140953,TUUTINENTSA,PARROQUIA RURAL,2024
14,MORONA SANTIAGO,1409,TAISHA,140954,PUMPUENTSA,PARROQUIA RURAL,2024
14,MORONA SANTIAGO,1410,LOGROÑO,141050,LOGROÑO,CABECERA CANTONAL,2024
14,MORONA SANTIAGO,1410,LOGROÑO,141051,YAUPI,PARROQUIA RURAL,2024
14,MORONA SANTIAGO,1410,LOGROÑO,141052,SHIMPIS,PARROQUIA RURAL,2024
14,MORONA SANTIAGO,1411,PABLO SEXTO,141150,PABLO SEXTO,CABECERA CANTONAL,2024
14,MORONA SANTIAGO,1412,TIWINTZA,141250,SANTIAGO,CABECERA CANTONAL,2024
14,MORONA SANTIAGO,1412,TIWINTZA,141251,SAN JOSÉ DE MORONA,PARROQUIA RURAL,2024
14,MORONA SANTIAGO,1413,SEVILLA DON BOSCO,141350,SEVILLA DON BOSCO,CABECERA CANTONAL,2024
15,NAPO,1501,TENA,150150,TENA,CABECERA CANTONAL,2024
15,NAPO,1501,TENA,150151,AHUANO,PARROQUIA RURAL,2024
15,NAPO,1501,TENA,150153,CHONTAPUNTA,PARROQUIA RURAL,2024
15,NAPO,1501,TENA,150154,PANO,PARROQUIA RURAL,2024
15,NAPO,1501,TENA,150155,PUERTO MISAHUALLÍ,PARROQUIA RURAL,2024
15,NAPO,1501,TENA,150156,PUERTO NAPO,PARROQUIA RURAL,2024
15,NAPO,1501,TENA,150157,TÁLAG,PARROQUIA RURAL,2024
15,NAPO,1501,TENA,150158,SAN JUAN DE MUYUNA,PARROQUIA RURAL,2024
15,NAPO,1503,ARCHIDONA,150350,ARCHIDONA,CABECERA CANTONAL,2024
15,NAPO,1503,ARCHIDONA,150352,COTUNDO,PARROQUIA RURAL,2024
15,NAPO,1503,ARCHIDONA,150354,SAN PABLO DE USHPAYACU,PARROQUIA RURAL,2024
15,NAPO,1503,ARCHIDONA,150356,HATUN SUMAKU,PARROQUIA RURAL,2024
15,NAPO,1504,EL CHACO,150450,EL CHACO,CABECERA CANTONAL,2024
15,NAPO,1504,EL CHACO,150451,GONZALO DÍAZ DE PINEDA,PARROQUIA RURAL,2024
15,NAPO,1504,EL CHACO,150452,LINARES,PARROQUIA RURAL,2024
15,NAPO,1504,EL CHACO,150453,OYACACHI,PARROQUIA RURAL,2024
15,NAPO,1504,EL CHACO,150454,SANTA ROSA,PARROQUIA RURAL,2024
15,NAPO,1504,EL CHACO,150455,SARDINAS,PARROQUIA RURAL,2024
15,NAPO,1507,QUIJOS,150750,BAEZA,CABECERA CANTONAL,2024
15,NAPO,1507,QUIJOS,150751,COSANGA,PARROQUIA RURAL,2024
15,NAPO,1507,QUIJOS,150752,CUYUJA,PARROQUIA RURAL,2024
15,NAPO,1507,QUIJOS,150753,PAPALLACTA,PARROQUIA RURAL,2024
15,NAPO,1507,QUIJOS,150754,SAN FRANCISCO DE BORJA,PARROQUIA RURAL,2024
15,NAPO,1507,QUIJOS,150756,SUMACO,PARROQUIA RURAL,2024
15,NAPO,1509,CARLOS JULIO AROSEMENA TOLA,150950,CARLOS JULIO AROSEMENA TOLA,CABECERA CANTONAL,2024
16,PASTAZA,1601,PASTAZA,160150,PUYO,CABECERA CANTONAL,2024
16,PASTAZA,1601,PASTAZA,160152,CANELOS,PARROQUIA RURAL,2024
16,PASTAZA,1601,PASTAZA,160154,DIEZ DE AGOSTO,PARROQUIA RURAL,2024
16,PASTAZA,1601,PASTAZA,160155,FÁTIMA,PARROQUIA RURAL,2024
16,PASTAZA,1601,PASTAZA,160156,MONTALVO,PARROQUIA RURAL,2024
16,PASTAZA,1601,PASTAZA,160157,POMONA,PARROQUIA RURAL,2024
16,PASTAZA,1601,PASTAZA,160158,RÍO CORRIENTES,PARROQUIA RURAL,2024
16,PASTAZA,1601,PASTAZA,160159,RÍO TIGRE,PARROQUIA RURAL,2024
16,PASTAZA,1601,PASTAZA,160161,SARAYACU,PARROQUIA RURAL,2024
16,PASTAZA,1601,PASTAZA,160162,SIMÓN BOLÍVAR,PARROQUIA RURAL,2024
16,PASTAZA,1601,PASTAZA,160163,TARQUI,PARROQUIA RURAL,2024
16,PASTAZA,1601,PASTAZA,160164,TENIENTE HUGO ORTIZ,PARROQUIA RURAL,2024
16,PASTAZA,1601,PASTAZA,160165,VERACRUZ,PARROQUIA RURAL,2024
16,PASTAZA,1601,PASTAZA,160166,EL TRIUNFO,PARROQUIA RURAL,2024
16,PASTAZA,1602,MERA,160250,MERA,CABECERA CANTONAL,2024
16,PASTAZA,1602,MERA,160251,MADRE TIERRA,PARROQUIA RURAL,2024
16,PASTAZA,1602,MERA,160252,SHELL,PARROQUIA RURAL,2024
16,PASTAZA,1603,SANTA CLARA,160350,SANTA CLARA,CABECERA CANTONAL,2024
16,PASTAZA,1603,SANTA CLARA,160351,SAN JOSÉ,PARROQUIA RURAL,2024
16,PASTAZA,1604,ARAJUNO,160450,ARAJUNO,CABECERA CANTONAL,2024
16,PASTAZA,1604,ARAJUNO,160451,CURARAY,PARROQUIA RURAL,2024
17,PICHINCHA,1701,DISTRITO METROPOLITANO DE QUITO,170150,QUITO,CABECERA CANTONAL,2024
17,PICHINCHA,1701,DISTRITO METROPOLITANO DE QUITO,170151,ALANGASÍ,PARROQUIA RURAL,2024
17,PICHINCHA,1701,DISTRITO METROPOLITANO DE QUITO,170152,AMAGUAÑA,PARROQUIA RURAL,2024
17,PICHINCHA,1701,DISTRITO METROPOLITANO DE QUITO,170153,ATAHUALPA,PARROQUIA RURAL,2024
17,PICHINCHA,1701,DISTRITO METROPOLITANO DE QUITO,170154,CALACALÍ,PARROQUIA RURAL,2024
17,PICHINCHA,1701,DISTRITO METROPOLITANO DE QUITO,170155,CALDERÓN,PARROQUIA RURAL,2024
17,PICHINCHA,1701,DISTRITO METROPOLITANO DE QUITO,170156,CONOCOTO,PARROQUIA RURAL,2024
17,PICHINCHA,1701,DISTRITO METROPOLITANO DE QUITO,170157,CUMBAYÁ,PARROQUIA RURAL,2024
17,PICHINCHA,1701,DISTRITO METROPOLITANO DE QUITO,170158,CHAVEZPAMBA,PARROQUIA RURAL,2024
17,PICHINCHA,1701,DISTRITO METROPOLITANO DE QUITO,170159,CHECA,PARROQUIA RURAL,2024
17,PICHINCHA,1701,DISTRITO METROPOLITANO DE QUITO,170160,EL QUINCHE,PARROQUIA RURAL,2024
17,PICHINCHA,1701,DISTRITO METROPOLITANO DE QUITO,170161,GUALEA,PARROQUIA RURAL,2024
17,PICHINCHA,1701,DISTRITO METROPOLITANO DE QUITO,170162,GUANGOPOLO,PARROQUIA RURAL,2024
17,PICHINCHA,1701,DISTRITO METROPOLITANO DE QUITO,170163,GUAYLLABAMBA,PARROQUIA RURAL,2024
17,PICHINCHA,1701,DISTRITO METROPOLITANO DE QUITO,170164,LA MERCED,PARROQUIA RURAL,2024
17,PICHINCHA,1701,DISTRITO METROPOLITANO DE QUITO,170165,LLANO CHICO,PARROQUIA RURAL,2024
17,PICHINCHA,1701,DISTRITO METROPOLITANO DE QUITO,170166,LLOA,PARROQUIA RURAL,2024
17,PICHINCHA,1701,DISTRITO METROPOLITANO DE QUITO,170168,NANEGAL,PARROQUIA RURAL,2024
17,PICHINCHA,1701,DISTRITO METROPOLITANO DE QUITO,170169,NANEGALITO,PARROQUIA RURAL,2024
17,PICHINCHA,1701,DISTRITO METROPOLITANO DE QUITO,170170,NAYÓN,PARROQUIA RURAL,2024
17,PICHINCHA,1701,DISTRITO METROPOLITANO DE QUITO,170171,NONO,PARROQUIA RURAL,2024
17,PICHINCHA,1701,DISTRITO METROPOLITANO DE QUITO,170172,PACTO,PARROQUIA RURAL,2024
17,PICHINCHA,1701,DISTRITO METROPOLITANO DE QUITO,170174,PERUCHO,PARROQUIA RURAL,2024
17,PICHINCHA,1701,DISTRITO METROPOLITANO DE QUITO,170175,PIFO,PARROQUIA RURAL,2024
17,PICHINCHA,1701,DISTRITO METROPOLITANO DE QUITO,170176,PÍNTAG,PARROQUIA RURAL,2024
17,PICHINCHA,1701,DISTRITO METROPOLITANO DE QUITO,170177,POMASQUI,PARROQUIA RURAL,2024
17,PICHINCHA,1701,DISTRITO METROPOLITANO DE QUITO,170178,PUÉLLARO,PARROQUIA RURAL,2024
17,PICHINCHA,1701,DISTRITO METROPOLITANO DE QUITO,170179,PUEMBO,PARROQUIA RURAL,2024
17,PICHINCHA,1701,DISTRITO METROPOLITANO DE QUITO,170180,SAN ANTONIO,PARROQUIA RURAL,2024
17,PICHINCHA,1701,DISTRITO METROPOLITANO DE QUITO,170181,SAN JOSÉ DE MINAS,PARROQUIA RURAL,2024
17,PICHINCHA,1701,DISTRITO METROPOLITANO DE QUITO,170183,TABABELA,PARROQUIA RURAL,2024
17,PICHINCHA,1701,DISTRITO METROPOLITANO DE QUITO,170184,TUMBACO,PARROQUIA RURAL,2024
17,PICHINCHA,1701,DISTRITO METROPOLITANO DE QUITO,170185,YARUQUÍ,PARROQUIA RURAL,2024
17,PICHINCHA,1701,DISTRITO METROPOLITANO DE QUITO,170186,ZÁMBIZA,PARROQUIA RURAL,2024
17,PICHINCHA,1702,CAYAMBE,170250,CAYAMBE,CABECERA CANTONAL,2024
17,PICHINCHA,1702,CAYAMBE,170251,ASCÁZUBI,PARROQUIA RURAL,2024
17,PICHINCHA,1702,CAYAMBE,170252,CANGAHUA,PARROQUIA RURAL,2024
17,PICHINCHA,1702,CAYAMBE,170253,OLMEDO,PARROQUIA RURAL,2024
17,PICHINCHA,1702,CAYAMBE,170254,OTÓN,PARROQUIA RURAL,2024
17,PICHINCHA,1702,CAYAMBE,170255,SANTA ROSA DE CUZUBAMBA,PARROQUIA RURAL,2024
17,PICHINCHA,1702,CAYAMBE,170256,SAN JOSÉ DE AYORA,PARROQUIA RURAL,2024
17,PICHINCHA,1702,CAYAMBE,170257,JUAN MONTALVO,PARROQUIA RURAL,2024
17,PICHINCHA,1703,MEJÍA,170350,MACHACHI,CABECERA CANTONAL,2024
17,PICHINCHA,1703,MEJÍA,170351,ALOAG,PARROQUIA RURAL,2024
17,PICHINCHA,1703,MEJÍA,170352,ALOASÍ,PARROQUIA RURAL,2024
17,PICHINCHA,1703,MEJÍA,170353,CUTUGLAHUA,PARROQUIA RURAL,2024
17,PICHINCHA,1703,MEJÍA,170354,EL CHAUPI,PARROQUIA RURAL,2024
17,PICHINCHA,1703,MEJÍA,170355,MANUEL CORNEJO ASTORGA,PARROQUIA RURAL,2024
17,PICHINCHA,1703,MEJÍA,170356,TAMBILLO,PARROQUIA RURAL,2024
17,PICHINCHA,1703,MEJÍA,170357,UYUMBICHO,PARROQUIA RURAL,2024
17,PICHINCHA,1704,PEDRO MONCAYO,170450,TABACUNDO,CABECERA CANTONAL,2024
17,PICHINCHA,1704,PEDRO MONCAYO,170451,LA ESPERANZA,PARROQUIA RURAL,2024
17,PICHINCHA,1704,PEDRO MONCAYO,170452,MALCHINGUÍ,PARROQUIA RURAL,2024
17,PICHINCHA,1704,PEDRO MONCAYO,170453,TOCACHI,PARROQUIA RURAL,2024
17,PICHINCHA,1704,PEDRO MONCAYO,170454,TUPIGACHI,PARROQUIA RURAL,2024
17,PICHINCHA,1705,RUMIÑAHUI,170550,SANGOLQUÍ,CABECERA CANTONAL,2024
17,PICHINCHA,1705,RUMIÑAHUI,170551,COTOGCHOA,PARROQUIA RURAL,2024
17,PICHINCHA,1705,RUMIÑAHUI,170552,RUMIPAMBA,PARROQUIA RURAL,2024
17,PICHINCHA,1707,SAN MIGUEL DE LOS BANCOS,170750,SAN MIGUEL DE LOS BANCOS,CABECERA CANTONAL,2024
17,PICHINCHA,1707,SAN MIGUEL DE LOS BANCOS,170751,MINDO,PARROQUIA RURAL,2024
17,PICHINCHA,1708,PEDRO VICENTE MALDONADO,170850,PEDRO VICENTE MALDONADO,CABECERA CANTONAL,2024
17,PICHINCHA,1709,PUERTO QUITO,170950,PUERTO QUITO,CABECERA CANTONAL,2024
18,TUNGURAHUA,1801,AMBATO,180150,AMBATO,CABECERA CANTONAL,2024
18,TUNGURAHUA,1801,AMBATO,180151,AMBATILLO,PARROQUIA RURAL,2024
18,TUNGURAHUA,1801,AMBATO,180152,ATAHUALPA,PARROQUIA RURAL,2024
18,TUNGURAHUA,1801,AMBATO,180153,AUGUSTO N. MARTÍNEZ,PARROQUIA RURAL,2024
18,TUNGURAHUA,1801,AMBATO,180154,CONSTANTINO FERNÁNDEZ,PARROQUIA RURAL,2024
18,TUNGURAHUA,1801,AMBATO,180155,HUACHI GRANDE,PARROQUIA RURAL,2024
18,TUNGURAHUA,1801,AMBATO,180156,IZAMBA,PARROQUIA RURAL,2024
18,TUNGURAHUA,1801,AMBATO,180157,JUAN BENIGNO VELA,PARROQUIA RURAL,2024
18,TUNGURAHUA,1801,AMBATO,180158,MONTALVO,PARROQUIA RURAL,2024
18,TUNGURAHUA,1801,AMBATO,180159,PASA,PARROQUIA RURAL,2024
18,TUNGURAHUA,1801,AMBATO,180160,PICAIHUA,PARROQUIA RURAL,2024
18,TUNGURAHUA,1801,AMBATO,180161,PILAGÜÍN,PARROQUIA RURAL,2024
18,TUNGURAHUA,1801,AMBATO,180162,QUISAPINCHA,PARROQUIA RURAL,2024
18,TUNGURAHUA,1801,AMBATO,180163,SAN BARTOLOMÉ DE PINLLO,PARROQUIA RURAL,2024
18,TUNGURAHUA,1801,AMBATO,180164,SAN FERNANDO,PARROQUIA RURAL,2024
18,TUNGURAHUA,1801,AMBATO,180165,SANTA ROSA,PARROQUIA RURAL,2024
18,TUNGURAHUA,1801,AMBATO,180166,TOTORAS,PARROQUIA RURAL,2024
18,TUNGURAHUA,1801,AMBATO,180167,CUNCHIBAMBA,PARROQUIA RURAL,2024
18,TUNGURAHUA,1801,AMBATO,180168,UNAMUNCHO,PARROQUIA RURAL,2024
18,TUNGURAHUA,1802,BAÑOS DE AGUA SANTA,180250,BAÑOS,CABECERA CANTONAL,2024
18,TUNGURAHUA,1802,BAÑOS DE AGUA SANTA,180251,LLIGUA,PARROQUIA RURAL,2024
18,TUNGURAHUA,1802,BAÑOS DE AGUA SANTA,180252,RÍO NEGRO,PARROQUIA RURAL,2024
18,TUNGURAHUA,1802,BAÑOS DE AGUA SANTA,180253,RÍO VERDE,PARROQUIA RURAL,2024
18,TUNGURAHUA,1802,BAÑOS DE AGUA SANTA,180254,ULBA,PARROQUIA RURAL,2024
18,TUNGURAHUA,1803,CEVALLOS,180350,CEVALLOS,CABECERA CANTONAL,2024
18,TUNGURAHUA,1804,MOCHA,180450,MOCHA,CABECERA CANTONAL,2024
18,TUNGURAHUA,1804,MOCHA,180451,PINGUILÍ,PARROQUIA RURAL,2024
18,TUNGURAHUA,1805,PATATE,180550,PATATE,CABECERA CANTONAL,2024
18,TUNGURAHUA,1805,PATATE,180551,EL TRIUNFO,PARROQUIA RURAL,2024
18,TUNGURAHUA,1805,PATATE,180552,LOS ANDES,PARROQUIA RURAL,2024
18,TUNGURAHUA,1805,PATATE,180553,SUCRE,PARROQUIA RURAL,2024
18,TUNGURAHUA,1806,QUERO,180650,QUERO,CABECERA CANTONAL,2024
18,TUNGURAHUA,1806,QUERO,180651,RUMIPAMBA,PARROQUIA RURAL,2024
18,TUNGURAHUA,1806,QUERO,180652,YANAYACU MOCHAPATA,PARROQUIA RURAL,2024
18,TUNGURAHUA,1807,SAN PEDRO DE PELILEO,180750,PELILEO,CABECERA CANTONAL,2024
18,TUNGURAHUA,1807,SAN PEDRO DE PELILEO,180751,BENÍTEZ,PARROQUIA RURAL,2024
18,TUNGURAHUA,1807,SAN PEDRO DE PELILEO,180752,BOLÍVAR,PARROQUIA RURAL,2024
18,TUNGURAHUA,1807,SAN PEDRO DE PELILEO,180753,COTALÓ,PARROQUIA RURAL,2024
18,TUNGURAHUA,1807,SAN PEDRO DE PELILEO,180754,CHIQUICHA,PARROQUIA RURAL,2024
18,TUNGURAHUA,1807,SAN PEDRO DE PELILEO,180755,EL ROSARIO,PARROQUIA RURAL,2024
18,TUNGURAHUA,1807,SAN PEDRO DE PELILEO,180756,GARCÍA MORENO,PARROQUIA RURAL,2024
18,TUNGURAHUA,1807,SAN PEDRO DE PELILEO,180757,GUAMBALÓ,PARROQUIA RURAL,2024
18,TUNGURAHUA,1807,SAN PEDRO DE PELILEO,180758,SALASACA,PARROQUIA RURAL,2024
18,TUNGURAHUA,1808,SANTIAGO DE PÍLLARO,180850,PÍLLARO,CABECERA CANTONAL,2024
18,TUNGURAHUA,1808,SANTIAGO DE PÍLLARO,180851,BAQUERIZO MORENO,PARROQUIA RURAL,2024
18,TUNGURAHUA,1808,SANTIAGO DE PÍLLARO,180852,EMILIO MARÍA TERÁN,PARROQUIA RURAL,2024
18,TUNGURAHUA,1808,SANTIAGO DE PÍLLARO,180853,MARCOS ESPINEL,PARROQUIA RURAL,2024
18,TUNGURAHUA,1808,SANTIAGO DE PÍLLARO,180854,PRESIDENTE URBINA,PARROQUIA RURAL,2024
18,TUNGURAHUA,1808,SANTIAGO DE PÍLLARO,180855,SAN ANDRÉS,PARROQUIA RURAL,2024
18,TUNGURAHUA,1808,SANTIAGO DE PÍLLARO,180856,SAN JOSÉ DE POALÓ,PARROQUIA RURAL,2024
18,TUNGURAHUA,1808,SANTIAGO DE PÍLLARO,180857,SAN MIGUELITO,PARROQUIA RURAL,2024
18,TUNGURAHUA,1809,TISALEO,180950,TISALEO,CABECERA CANTONAL,2024
18,TUNGURAHUA,1809,TISALEO,180951,QUINCHICOTO,PARROQUIA RURAL,2024
19,ZAMORA CHINCHIPE,1901,ZAMORA,190150,ZAMORA,CABECERA CANTONAL,2024
19,ZAMORA CHINCHIPE,1901,ZAMORA,190151,CUMBARATZA,PARROQUIA RURAL,2024
19,ZAMORA CHINCHIPE,1901,ZAMORA,190152,GUADALUPE,PARROQUIA RURAL,2024
19,ZAMORA CHINCHIPE,1901,ZAMORA,190153,IMBANA,PARROQUIA RURAL,2024
19,ZAMORA CHINCHIPE,1901,ZAMORA,190155,SABANILLA,PARROQUIA RURAL,2024
19,ZAMORA CHINCHIPE,1901,ZAMORA,190156,TIMBARA,PARROQUIA RURAL,2024
19,ZAMORA CHINCHIPE,1901,ZAMORA,190158,SAN CARLOS DE LAS MINAS,PARROQUIA RURAL,2024
19,ZAMORA CHINCHIPE,1902,CHINCHIPE,190250,ZUMBA,CABECERA CANTONAL,2024
19,ZAMORA CHINCHIPE,1902,CHINCHIPE,190251,CHITO,PARROQUIA RURAL,2024
19,ZAMORA CHINCHIPE,1902,CHINCHIPE,190252,EL CHORRO,PARROQUIA RURAL,2024
19,ZAMORA CHINCHIPE,1902,CHINCHIPE,190254,LA CHONTA,PARROQUIA RURAL,2024
19,ZAMORA CHINCHIPE,1902,CHINCHIPE,190256,PUCAPAMBA,PARROQUIA RURAL,2024
19,ZAMORA CHINCHIPE,1902,CHINCHIPE,190259,SAN ANDRÉS,PARROQUIA RURAL,2024
19,ZAMORA CHINCHIPE,1903,NANGARITZA,190350,GUAYZIMI,CABECERA CANTONAL,2024
19,ZAMORA CHINCHIPE,1903,NANGARITZA,190351,ZURMI,PARROQUIA RURAL,2024
19,ZAMORA CHINCHIPE,1903,NANGARITZA,190352,NUEVO PARAÍSO,PARROQUIA RURAL,2024
19,ZAMORA CHINCHIPE,1903,NANGARITZA,190353,NANKAIS,PARROQUIA RURAL,2024
19,ZAMORA CHINCHIPE,1904,YACUAMBI,190450,28 DE MAYO,CABECERA CANTONAL,2024
19,ZAMORA CHINCHIPE,1904,YACUAMBI,190451,LA PAZ,PARROQUIA RURAL,2024
19,ZAMORA CHINCHIPE,1904,YACUAMBI,190452,TUTUPALI,PARROQUIA RURAL,2024
19,ZAMORA CHINCHIPE,1905,YANTZAZA,190550,YANTZAZA,CABECERA CANTONAL,2024
19,ZAMORA CHINCHIPE,1905,YANTZAZA,190551,CHICAÑA,PARROQUIA RURAL,2024
19,ZAMORA CHINCHIPE,1905,YANTZAZA,190553,LOS ENCUENTROS,PARROQUIA RURAL,2024
19,ZAMORA CHINCHIPE,1906,EL PANGUI,190650,EL PANGUI,CABECERA CANTONAL,2024
19,ZAMORA CHINCHIPE,1906,EL PANGUI,190651,EL GUISME,PARROQUIA RURAL,2024
19,ZAMORA CHINCHIPE,1906,EL PANGUI,190652,PACHICUTZA,PARROQUIA RURAL,2024
19,ZAMORA CHINCHIPE,1906,EL PANGUI,190653,TUNDAYME,PARROQUIA RURAL,2024
19,ZAMORA CHINCHIPE,1907,CENTINELA DEL CÓNDOR,190750,ZUMBI,CABECERA CANTONAL,2024
19,ZAMORA CHINCHIPE,1907,CENTINELA DEL CÓNDOR,190752,TRIUNFO DORADO,PARROQUIA RURAL,2024
19,ZAMORA CHINCHIPE,1907,CENTINELA DEL CÓNDOR,190753,PANGUINTZA,PARROQUIA RURAL,2024
19,ZAMORA CHINCHIPE,1908,PALANDA,190850,PALANDA,CABECERA CANTONAL,2024
19,ZAMORA CHINCHIPE,1908,PALANDA,190851,EL PORVENIR DEL CARMEN,PARROQUIA RURAL,2024
19,ZAMORA CHINCHIPE,1908,PALANDA,190852,SAN FRANCISCO DEL VERGEL,PARROQUIA RURAL,2024
19,ZAMORA CHINCHIPE,1908,PALANDA,190853,VALLADOLID,PARROQUIA RURAL,2024
19,ZAMORA CHINCHIPE,1908,PALANDA,190854,LA CANELA,PARROQUIA RURAL,2024
19,ZAMORA CHINCHIPE,1909,PAQUISHA,190950,PAQUISHA,CABECERA CANTONAL,2024
19,ZAMORA CHINCHIPE,1909,PAQUISHA,190951,BELLAVISTA,PARROQUIA RURAL,2024
19,ZAMORA CHINCHIPE,1909,PAQUISHA,190952,NUEVO QUITO,PARROQUIA RURAL,2024
20,GALÁPAGOS,2001,SAN CRISTÓBAL,200150,PUERTO BAQUERIZO MORENO,CABECERA CANTONAL,2024
20,GALÁPAGOS,2001,SAN CRISTÓBAL,200151,EL PROGRESO,PARROQUIA RURAL,2024
20,GALÁPAGOS,2001,SAN CRISTÓBAL,200152,ISLA SANTA MARÍA FLOREANA,PARROQUIA RURAL,2024
20,GALÁPAGOS,2002,ISABELA,200250,PUERTO VILLAMIL,CABECERA CANTONAL,2024
20,GALÁPAGOS,2002,ISABELA,200251,TOMÁS DE BERLANGA,PARROQUIA RURAL,2024
20,GALÁPAGOS,2003,SANTA CRUZ,200350,PUERTO AYORA,CABECERA CANTONAL,2024
20,GALÁPAGOS,2003,SANTA CRUZ,200351,BELLA VISTA,PARROQUIA RURAL,2024
20,GALÁPAGOS,2003,SANTA CRUZ,200352,SANTA ROSA,PARROQUIA RURAL,2024
21,SUCUMBÍOS,2101,LAGO AGRIO,210150,NUEVA LOJA,CABECERA CANTONAL,2024
21,SUCUMBÍOS,2101,LAGO AGRIO,210152,DURENO,PARROQUIA RURAL,2024
21,SUCUMBÍOS,2101,LAGO AGRIO,210153,GENERAL FARFÁN,PARROQUIA RURAL,2024
21,SUCUMBÍOS,2101,LAGO AGRIO,210155,EL ENO,PARROQUIA RURAL,2024
21,SUCUMBÍOS,2101,LAGO AGRIO,210156,PACAYACU,PARROQUIA RURAL,2024
21,SUCUMBÍOS,2101,LAGO AGRIO,210157,JAMBELÍ,PARROQUIA RURAL,2024
21,SUCUMBÍOS,2101,LAGO AGRIO,210158,SANTA CECILIA,PARROQUIA RURAL,2024
21,SUCUMBÍOS,2101,LAGO AGRIO,210160,10 DE AGOSTO,PARROQUIA RURAL,2024
21,SUCUMBÍOS,2102,GONZALO PIZARRO,210250,LUMBAQUÍ,CABECERA CANTONAL,2024
21,SUCUMBÍOS,2102,GONZALO PIZARRO,210251,EL REVENTADOR,PARROQUIA RURAL,2024
21,SUCUMBÍOS,2102,GONZALO PIZARRO,210252,GONZALO PIZARRO,PARROQUIA RURAL,2024
21,SUCUMBÍOS,2102,GONZALO PIZARRO,210254,PUERTO LIBRE,PARROQUIA RURAL,2024
21,SUCUMBÍOS,2103,PUTUMAYO,210350,PUERTO EL CARMEN DE PUTUMAYO,CABECERA CANTONAL,2024
21,SUCUMBÍOS,2103,PUTUMAYO,210351,PALMA ROJA,PARROQUIA RURAL,2024
21,SUCUMBÍOS,2103,PUTUMAYO,210352,PUERTO BOLÍVAR,PARROQUIA RURAL,2024
21,SUCUMBÍOS,2103,PUTUMAYO,210353,PUERTO RODRÍGUEZ,PARROQUIA RURAL,2024
21,SUCUMBÍOS,2103,PUTUMAYO,210354,SANTA ELENA,PARROQUIA RURAL,2024
21,SUCUMBÍOS,2103,PUTUMAYO,210355,SANSAHUARI,PARROQUIA RURAL,2024
21,SUCUMBÍOS,2104,SHUSHUFINDI,210450,SHUSHUFINDI,CABECERA CANTONAL,2024
21,SUCUMBÍOS,2104,SHUSHUFINDI,210451,LIMONCOCHA,PARROQUIA RURAL,2024
21,SUCUMBÍOS,2104,SHUSHUFINDI,210452,PAÑACOCHA,PARROQUIA RURAL,2024
21,SUCUMBÍOS,2104,SHUSHUFINDI,210453,SAN ROQUE,PARROQUIA RURAL,2024
21,SUCUMBÍOS,2104,SHUSHUFINDI,210454,SAN PEDRO DE LOS COFÁNES,PARROQUIA RURAL,2024
21,SUCUMBÍOS,2104,SHUSHUFINDI,210455,SIETE DE JULIO,PARROQUIA RURAL,2024
21,SUCUMBÍOS,2104,SHUSHUFINDI,210456,LA MAGDALENA,PARROQUIA RURAL,2024
21,SUCUMBÍOS,2104,SHUSHUFINDI,210457,LA PRIMAVERA,PARROQUIA RURAL,2024
21,SUCUMBÍOS,2105,SUCUMBÍOS,210550,LA BONITA,CABECERA CANTONAL,2024
21,SUCUMBÍOS,2105,SUCUMBÍOS,210551,EL PLAYÓN DE SAN FRANCISCO,PARROQUIA RURAL,2024
21,SUCUMBÍOS,2105,SUCUMBÍOS,210552,LA SOFÍA,PARROQUIA RURAL,2024
21,SUCUMBÍOS,2105,SUCUMBÍOS,210553,ROSA FLORIDA,PARROQUIA RURAL,2024
21,SUCUMBÍOS,2105,SUCUMBÍOS,210554,SANTA BÁRBARA,PARROQUIA RURAL,2024
21,SUCUMBÍOS,2106,CASCALES,210650,EL DORADO DE CASCALES,CABECERA CANTONAL,2024
21,SUCUMBÍOS,2106,CASCALES,210651,SANTA ROSA DE SUCUMBÍOS,PARROQUIA RURAL,2024
21,SUCUMBÍOS,2106,CASCALES,210652,SEVILLA,PARROQUIA RURAL,2024
21,SUCUMBÍOS,2106,CASCALES,210653,NUEVA TRONCAL,PARROQUIA RURAL,2024
21,SUCUMBÍOS,2107,CUYABENO,210750,TARAPOA,CABECERA CANTONAL,2024
21,SUCUMBÍOS,2107,CUYABENO,210751,CUYABENO,PARROQUIA RURAL,2024
21,SUCUMBÍOS,2107,CUYABENO,210752,AGUAS NEGRAS,PARROQUIA RURAL,2024
22,ORELLANA,2201,FRANCISCO DE ORELLANA,220150,EL COCA,CABECERA CANTONAL,2024
22,ORELLANA,2201,FRANCISCO DE ORELLANA,220151,DAYUMA,PARROQUIA RURAL,2024
22,ORELLANA,2201,FRANCISCO DE ORELLANA,220152,TARACOA,PARROQUIA RURAL,2024
22,ORELLANA,2201,FRANCISCO DE ORELLANA,220153,ALEJANDRO LABAKA,PARROQUIA RURAL,2024
22,ORELLANA,2201,FRANCISCO DE ORELLANA,220154,EL DORADO,PARROQUIA RURAL,2024
22,ORELLANA,2201,FRANCISCO DE ORELLANA,220155,EL EDÉN,PARROQUIA RURAL,2024
22,ORELLANA,2201,FRANCISCO DE ORELLANA,220156,GARCÍA MORENO,PARROQUIA RURAL,2024
22,ORELLANA,2201,FRANCISCO DE ORELLANA,220157,INÉS ARANGO,PARROQUIA RURAL,2024
22,ORELLANA,2201,FRANCISCO DE ORELLANA,220158,LA BELLEZA,PARROQUIA RURAL,2024
22,ORELLANA,2201,FRANCISCO DE ORELLANA,220159,NUEVO PARAÍSO,PARROQUIA RURAL,2024
22,ORELLANA,2201,FRANCISCO DE ORELLANA,220160,SAN JOSÉ DE GUAYUSA,PARROQUIA RURAL,2024
22,ORELLANA,2201,FRANCISCO DE ORELLANA,220161,SAN LUIS DE ARMENIA,PARROQUIA RURAL,2024
22,ORELLANA,2202,AGUARICO,220250,NUEVO ROCAFUERTE,CABECERA CANTONAL,2024
22,ORELLANA,2202,AGUARICO,220251,CAPITÁN AUGUSTO RIVADENEYRA,PARROQUIA RURAL,2024
22,ORELLANA,2202,AGUARICO,220252,CONONACO,PARROQUIA RURAL,2024
22,ORELLANA,2202,AGUARICO,220253,SANTA MARÍA DE HUIRIRIMA,PARROQUIA RURAL,2024
22,ORELLANA,2202,AGUARICO,220255,YASUNÍ,PARROQUIA RURAL,2024
22,ORELLANA,2203,LA JOYA DE LOS SACHAS,220350,LA JOYA DE LOS SACHAS,CABECERA CANTONAL,2024
22,ORELLANA,2203,LA JOYA DE LOS SACHAS,220351,ENOKANQUI,PARROQUIA RURAL,2024
22,ORELLANA,2203,LA JOYA DE LOS SACHAS,220352,POMPEYA,PARROQUIA RURAL,2024
22,ORELLANA,2203,LA JOYA DE LOS SACHAS,220353,SAN CARLOS,PARROQUIA RURAL,2024
22,ORELLANA,2203,LA JOYA DE LOS SACHAS,220354,SAN SEBASTIÁN DEL COCA,PARROQUIA RURAL,2024
22,ORELLANA,2203,LA JOYA DE LOS SACHAS,220355,LAGO SAN PEDRO,PARROQUIA RURAL,2024
22,ORELLANA,2203,LA JOYA DE LOS SACHAS,220356,RUMIPAMBA,PARROQUIA RURAL,2024
22,ORELLANA,2203,LA JOYA DE LOS SACHAS,220357,TRES DE NOVIEMBRE,PARROQUIA RURAL,2024
22,ORELLANA,2203,LA JOYA DE LOS SACHAS,220358,UNIÓN MILAGREÑA,PARROQUIA RURAL,2024
22,ORELLANA,2204,LORETO,220450,LORETO,CABECERA CANTONAL,2024
22,ORELLANA,2204,LORETO,220451,ÁVILA,PARROQUIA RURAL,2024
22,ORELLANA,2204,LORETO,220452,PUERTO MURIALDO,PARROQUIA RURAL,2024
22,ORELLANA,2204,LORETO,220453,SAN JOSÉ DE PAYAMINO,PARROQUIA RURAL,2024
22,ORELLANA,2204,LORETO,220454,SAN JOSÉ DE DAHUANO,PARROQUIA RURAL,2024
22,ORELLANA,2204,LORETO,220455,SAN VICENTE DE HUATICOCHA,PARROQUIA RURAL,2024
23,SANTO DOMINGO DE LOS TSÁCHILAS,2301,SANTO DOMINGO,230150,SANTO DOMINGO DE LOS COLORADOS,CABECERA CANTONAL,2024
23,SANTO DOMINGO DE LOS TSÁCHILAS,2301,SANTO DOMINGO,230151,ALLURIQUÍN,PARROQUIA RURAL,2024
23,SANTO DOMINGO DE LOS TSÁCHILAS,2301,SANTO DOMINGO,230152,PUERTO LIMÓN,PARROQUIA RURAL,2024
23,SANTO DOMINGO DE LOS TSÁCHILAS,2301,SANTO DOMINGO,230153,LUZ DE AMÉRICA,PARROQUIA RURAL,2024
23,SANTO DOMINGO DE LOS TSÁCHILAS,2301,SANTO DOMINGO,230154,SAN JACINTO DEL BÚA,PARROQUIA RURAL,2024
23,SANTO DOMINGO DE LOS TSÁCHILAS,2301,SANTO DOMINGO,230155,VALLE HERMOSO,PARROQUIA RURAL,2024
23,SANTO DOMINGO DE LOS TSÁCHILAS,2301,SANTO DOMINGO,230156,EL ESFUERZO,PARROQUIA RURAL,2024
23,SANTO DOMINGO DE LOS TSÁCHILAS,2301,SANTO DOMINGO,230157,SANTA MARÍA DEL TOACHI,PARROQUIA RURAL,2024
23,SANTO DOMINGO DE LOS TSÁCHILAS,2302,LA CONCORDIA,230250,LA CONCORDIA,CABECERA CANTONAL,2024
23,SANTO DOMINGO DE LOS TSÁCHILAS,2302,LA CONCORDIA,230251,MONTERREY,PARROQUIA RURAL,2024
23,SANTO DOMINGO DE LOS TSÁCHILAS,2302,LA CONCORDIA,230252,LA VILLEGAS,PARROQUIA RURAL,2024
23,SANTO DOMINGO DE LOS TSÁCHILAS,2302,LA CONCORDIA,230253,PLAN PILOTO,PARROQUIA RURAL,2024
24,SANTA ELENA,2401,SANTA ELENA,240150,SANTA ELENA,CABECERA CANTONAL,2024
24,SANTA ELENA,2401,SANTA ELENA,240151,ATAHUALPA,PARROQUIA RURAL,2024
24,SANTA ELENA,2401,SANTA ELENA,240152,COLONCHE,PARROQUIA RURAL,2024
24,SANTA ELENA,2401,SANTA ELENA,240153,CHANDUY,PARROQUIA RURAL,2024
24,SANTA ELENA,2401,SANTA ELENA,240154,MANGLARALTO,PARROQUIA RURAL,2024
24,SANTA ELENA,2401,SANTA ELENA,240155,SIMÓN BOLÍVAR,PARROQUIA RURAL,2024
24,SANTA ELENA,2401,SANTA ELENA,240156,SAN JOSÉ DE ANCÓN,PARROQUIA RURAL,2024
24,SANTA ELENA,2402,LA LIBERTAD,240250,LA LIBERTAD,CABECERA CANTONAL,2024
24,SANTA ELENA,2403,SALINAS,240350,SALINAS,CABECERA CANTONAL,2024
24,SANTA ELENA,2403,SALINAS,240351,ANCONCITO,PARROQUIA RURAL,2024
24,SANTA ELENA,2403,SALINAS,240352,JOSÉ LUIS TAMAYO,PARROQUIA RURAL,2024
90,ZONA EN ESTUDIO: JUVAL (CAÑAR-CHIMBORAZO),9006,ZONA EN ESTUDIO: JUVAL (CAÑAR-CHIMBORAZO),900651,ZONA EN ESTUDIO: JUVAL (CAÑAR-CHIMBORAZO),ZONA EN ESTUDIO,2024
14,MORONA SANTIAGO,1401,MORONA,901401,"ZONA EN ESTUDIO ""SINAÍ-CUCHAENTZA""",ZONA EN ESTUDIO,2024
ISLA,ISLA,ISLA,ISLA,ISLA,ISLA,ISLA,2024
